year,month,month_name,category,segment,quantity,revenue,cogs,gross_margin
2012,7,Jul,Casual,All-weather,627,2383588.69,2002144.0044885038,381444.68551149615
2012,7,Jul,GenZ,Trendy,1437,2251165.29,1780924.5505752417,470240.73942475836
2012,7,Jul,Outdoor,Activewear,8915,16156559.4,12647928.275185376,3508631.124814624
2012,7,Jul,Outdoor,Premium,556,1567131.71,1311365.1086351832,255766.60136481677
2012,7,Jul,Streetwear,Balanced,2764,31459467.26,24896303.438863125,6563163.821136877
2012,7,Jul,Streetwear,Everyday,8263,55544495.8,42563955.71896736,12980540.081032634
2012,7,Jul,Streetwear,Performance,3253,18625137.84,15443317.648756422,3181820.1912435777
2012,7,Jul,Streetwear,Standard,569,2419227.52,1870535.1533222266,548692.3666777734
2012,8,Aug,Casual,All-weather,569,2606049.57,2065303.237056745,540746.3329432548
2012,8,Aug,GenZ,Trendy,1531,2529211.73,1941427.0875998521,587784.6424001479
2012,8,Aug,Outdoor,Activewear,11694,22464003.78,17179227.82717693,5284775.952823073
2012,8,Aug,Outdoor,Premium,1245,3735335.7,3091930.8748485628,643404.8251514374
2012,8,Aug,Streetwear,Balanced,3605,40938548.47,33541080.383262426,7397468.086737573
2012,8,Aug,Streetwear,Everyday,9246,62411073.16,47707693.20703653,14703379.952963464
2012,8,Aug,Streetwear,Performance,3679,21283859.27,17655729.807241503,3628129.4627584964
2012,8,Aug,Streetwear,Standard,674,3121158.63,2402914.001050417,718244.628949583
2012,9,Sep,Casual,All-weather,472,1833063.92,1498460.9122615918,334603.00773840817
2012,9,Sep,GenZ,Trendy,1042,1671792.07,1287998.5608267356,383793.5091732645
2012,9,Sep,Outdoor,Activewear,10572,20900706.59,16108546.276746634,4792160.313253365
2012,9,Sep,Outdoor,Premium,1572,5259177.13,4396235.905691244,862941.2243087562
2012,9,Sep,Streetwear,Balanced,3296,37610420.55,30508297.51260692,7102123.037393078
2012,9,Sep,Streetwear,Everyday,6558,46290268.39,35796444.498466656,10493823.891533345
2012,9,Sep,Streetwear,Performance,2344,13646557.38,11428288.123445094,2218269.256554907
2012,9,Sep,Streetwear,Standard,463,2095147.79,1571883.0339600414,523264.7560399587
2012,10,Oct,Casual,All-weather,437,1813957.84,1559211.936054501,254745.9039454991
2012,10,Oct,GenZ,Trendy,754,1204681.44,954500.2137701382,250181.22622986173
2012,10,Oct,Outdoor,Activewear,9221,17687122.57,13592995.247172378,4094127.3228276223
2012,10,Oct,Outdoor,Premium,1347,4526225.23,3783768.4809417855,742456.749058215
2012,10,Oct,Streetwear,Balanced,2678,30489735.92,24621643.306101996,5868092.613898005
2012,10,Oct,Streetwear,Everyday,5470,42260977.82,33206650.772383746,9054327.047616255
2012,10,Oct,Streetwear,Performance,1709,10469285.290000001,8962923.447860066,1506361.8421399351
2012,10,Oct,Streetwear,Standard,399,1733708.34,1373111.620071044,360596.7199289561
2012,11,Nov,Casual,All-weather,331,1497087.9,1215182.0979479314,281905.8020520685
2012,11,Nov,GenZ,Trendy,465,708131.37,505807.19549165346,202324.17450834654
2012,11,Nov,Outdoor,Activewear,11335,20256781.96,15740986.096815828,4515795.863184173
2012,11,Nov,Outdoor,Premium,1516,5052524.06,4079563.163913781,972960.8960862188
2012,11,Nov,Streetwear,Balanced,2436,28102561.37,22457949.3656572,5644612.004342802
2012,11,Nov,Streetwear,Everyday,4282,34538207.72,27066393.611881386,7471814.108118612
2012,11,Nov,Streetwear,Performance,1136,6864434.35,5855413.9589581685,1009020.3910418311
2012,11,Nov,Streetwear,Standard,246,1166566.51,898781.9086354529,267784.60136454715
2012,12,Dec,Casual,All-weather,365,1594790.42,1214234.7113053964,380555.7086946035
2012,12,Dec,GenZ,Trendy,714,1145561.38,903020.5893840615,242540.79061593837
2012,12,Dec,Outdoor,Activewear,26820,38648043.9,30215790.07405459,8432253.825945407
2012,12,Dec,Outdoor,Premium,1868,5918507.75,4945189.7173329145,973318.0326670855
2012,12,Dec,Streetwear,Balanced,2332,26644464.5,21649793.998619277,4994670.501380723
2012,12,Dec,Streetwear,Everyday,3937,31244904.29,24500342.107326932,6744562.182673067
2012,12,Dec,Streetwear,Performance,1293,7958123.27,6520637.025281977,1437486.2447180226
2012,12,Dec,Streetwear,Standard,249,1168215.18,940098.0161114495,228117.16388855048
2013,1,Jan,Casual,All-weather,357,1754302.63,1379111.6536502806,375190.97634971933
2013,1,Jan,GenZ,Trendy,450,693151.02,539068.6081770505,154082.41182294954
2013,1,Jan,Outdoor,Activewear,9228,18577984.92,14748693.403166855,3829291.516833147
2013,1,Jan,Outdoor,Premium,1317,4256950.75,3443862.310298994,813088.4397010058
2013,1,Jan,Streetwear,Balanced,2323,26433956.79,21625366.63415202,4808590.155847978
2013,1,Jan,Streetwear,Everyday,4039,30943836.18,24376725.350052956,6567110.829947043
2013,1,Jan,Streetwear,Performance,1264,7411492.5,5949210.250077246,1462282.2499227542
2013,1,Jan,Streetwear,Standard,236,1213775.1,961765.8746628009,252009.22533719917
2013,2,Feb,Casual,All-weather,497,2350419.14,1830959.2637514055,519459.8762485946
2013,2,Feb,GenZ,Trendy,430,732111.16,520944.89073359204,211166.269266408
2013,2,Feb,Outdoor,Activewear,10657,15910522.32,17325771.174147766,-1415248.8541477658
2013,2,Feb,Outdoor,Premium,1720,4078477.67,4672330.285431315,-593852.6154313153
2013,2,Feb,Streetwear,Balanced,2707,30799991.36,24792182.27810918,6007809.081890818
2013,2,Feb,Streetwear,Everyday,5064,38223244.72,29548490.550464164,8674754.169535834
2013,2,Feb,Streetwear,Performance,2063,12551118.11,10253167.807692692,2297950.3023073077
2013,2,Feb,Streetwear,Standard,347,1714784.82,1343030.3253420605,371754.49465793953
2013,3,Mar,Casual,All-weather,763,2608098.29,2471036.8851119736,137061.40488802642
2013,3,Mar,GenZ,Trendy,924,1523527.26,1337509.0754630957,186018.18453690433
2013,3,Mar,Outdoor,Activewear,13288,21712910.48,19986224.000430953,1726686.4795690477
2013,3,Mar,Outdoor,Premium,1723,4873705.51,4649656.67690261,224048.8330973899
2013,3,Mar,Streetwear,Balanced,3322,33295543.97,30789487.72708336,2506056.24291664
2013,3,Mar,Streetwear,Everyday,9221,55276290.65,49197640.23213689,6078650.417863108
2013,3,Mar,Streetwear,Performance,4007,20176554.83,19524914.92417063,651639.90582937
2013,3,Mar,Streetwear,Standard,553,2079060.41,1941312.8994900715,137747.51050992846
2013,4,Apr,Casual,All-weather,899,3407035.28,3103649.9845290007,303385.2954709991
2013,4,Apr,GenZ,Trendy,1782,3040222.65,2537051.6402780763,503171.0097219236
2013,4,Apr,Outdoor,Activewear,16356,26728224.8,23253360.7569082,3474864.0430918
2013,4,Apr,Outdoor,Premium,2108,6185212.98,5395239.743282518,789973.2367174821
2013,4,Apr,Streetwear,Balanced,3734,38416167.46,35363597.27864688,3052570.181353122
2013,4,Apr,Streetwear,Everyday,12653,75780529.3,63837496.63037387,11943032.669626124
2013,4,Apr,Streetwear,Performance,6164,32936703.11,29354470.786318105,3582232.3236818947
2013,4,Apr,Streetwear,Standard,741,3157720.43,2737094.5237948117,420625.9062051885
2013,5,May,Casual,All-weather,810,3221172.19,2729093.0704517798,492079.1195482202
2013,5,May,GenZ,Trendy,1789,3119212.3,2385177.4807495177,734034.8192504821
2013,5,May,Outdoor,Activewear,15172,26561777.7,20994098.866105508,5567678.833894491
2013,5,May,Outdoor,Premium,1553,4832962.02,3855587.1438937644,977374.8761062352
2013,5,May,Streetwear,Balanced,3796,43129057.25,35592381.254618526,7536675.9953814745
2013,5,May,Streetwear,Everyday,12005,81448324.06,63039902.95092824,18408421.10907176
2013,5,May,Streetwear,Performance,6035,35342128.52,29002868.69458728,6339259.825412724
2013,5,May,Streetwear,Standard,646,2845475.44,2160044.3601884646,685431.0798115353
2013,6,Jun,Casual,All-weather,749,2807681.09,2404746.4996037637,402934.59039623616
2013,6,Jun,GenZ,Trendy,2057,3655569.62,3097372.259597182,558197.3604028183
2013,6,Jun,Outdoor,Activewear,14546,22598657.62,19506961.589225605,3091696.030774396
2013,6,Jun,Outdoor,Premium,1468,4309093.69,3670149.124328687,638944.5656713136
2013,6,Jun,Streetwear,Balanced,4110,42573187.38,38332359.07673819,4240828.303261809
2013,6,Jun,Streetwear,Everyday,12893,81653824.65,69838948.86768296,11814875.782317042
2013,6,Jun,Streetwear,Performance,5588,29069285.43,26596975.56274796,2472309.8672520407
2013,6,Jun,Streetwear,Standard,836,3274844.81,2855048.746113494,419796.063886506
2013,7,Jul,Casual,All-weather,604,2114329.77,2096691.886332304,17637.883667696035
2013,7,Jul,GenZ,Trendy,1921,2864253.08,2847896.6134549226,16356.466545077506
2013,7,Jul,Outdoor,Activewear,12259,15908263.27,15903955.50253569,4307.767464309931
2013,7,Jul,Outdoor,Premium,1192,2655596.5,2762004.779706799,-106408.27970679896
2013,7,Jul,Streetwear,Balanced,4031,35184288.83,37589658.164416604,-2405369.3344166055
2013,7,Jul,Streetwear,Everyday,12011,66051897.24,66720363.449082404,-668466.2090824023
2013,7,Jul,Streetwear,Performance,4617,21002994.51,22539781.471224513,-1536786.9612245113
2013,7,Jul,Streetwear,Standard,649,2478290.44,2584261.9947414203,-105971.55474142032
2013,8,Aug,Casual,All-weather,609,2579744.67,2029310.95482387,550433.71517613
2013,8,Aug,GenZ,Trendy,2357,4458615.56,3526097.1841305196,932518.37586948
2013,8,Aug,Outdoor,Activewear,13614,24081319.92,18628347.34018104,5452972.57981896
2013,8,Aug,Outdoor,Premium,1159,3423302.31,2717750.9366702046,705551.3733297954
2013,8,Aug,Streetwear,Balanced,4177,24105781.48,38653167.34155857,-14547385.861558568
2013,8,Aug,Streetwear,Everyday,11443,41025109.98,62208824.15302682,-21183714.173026823
2013,8,Aug,Streetwear,Performance,4475,13558612.12,21286685.14671604,-7728073.02671604
2013,8,Aug,Streetwear,Standard,722,1879923.81,2897507.953185146,-1017584.1431851462
2013,9,Sep,Casual,All-weather,619,2073337.37,2123371.09993896,-50033.7299389597
2013,9,Sep,GenZ,Trendy,1372,2149240.99,2052499.649501983,96741.34049801715
2013,9,Sep,Outdoor,Activewear,10335,16970851.86,16054446.99248316,916404.8675168399
2013,9,Sep,Outdoor,Premium,1116,2944105.87,2948860.8663105,-4754.996310499962
2013,9,Sep,Streetwear,Balanced,3498,31455083.99,32647583.738009684,-1192499.7480096854
2013,9,Sep,Streetwear,Everyday,7793,43288604.13,42908140.41632719,380463.7136728093
2013,9,Sep,Streetwear,Performance,2926,14019059.42,15030060.132401226,-1011000.7124012262
2013,9,Sep,Streetwear,Standard,640,2488448.39,2396376.914469262,92071.47553073801
2013,10,Oct,Casual,All-weather,465,2290350.98,1822537.0791351912,467813.9008648088
2013,10,Oct,GenZ,Trendy,814,1487591.6199999999,1173748.6876381466,313842.9323618533
2013,10,Oct,Outdoor,Activewear,9846,19162844.08,15061053.693199757,4101790.3868002407
2013,10,Oct,Outdoor,Premium,1182,3945858.04,3366011.1463146075,579846.8936853926
2013,10,Oct,Streetwear,Balanced,3002,33709353.27,28020176.46333876,5689176.8066612445
2013,10,Oct,Streetwear,Everyday,5873,40080332.38,31904787.741630536,8175544.638369467
2013,10,Oct,Streetwear,Performance,2007,11721280.64,9839895.49784114,1881385.1421588603
2013,10,Oct,Streetwear,Standard,371,1929847.99,1497604.091227202,432243.898772798
2013,11,Nov,Casual,All-weather,432,1533854.59,1453101.3188628017,80753.27113719843
2013,11,Nov,GenZ,Trendy,596,945370.0,859577.3016970515,85792.6983029485
2013,11,Nov,Outdoor,Activewear,12471,22102001.62,20295379.251458935,1806622.3685410656
2013,11,Nov,Outdoor,Premium,1161,3337871.0,3230218.083222533,107652.91677746689
2013,11,Nov,Streetwear,Balanced,2294,22803026.77,20774148.498276,2028878.2717240006
2013,11,Nov,Streetwear,Everyday,3863,25056513.05,22518433.766346976,2538079.2836530246
2013,11,Nov,Streetwear,Performance,1462,7485856.21,6660563.674133469,825292.5358665306
2013,11,Nov,Streetwear,Standard,306,1369828.73,1326808.9092099003,43019.82079009968
2013,12,Dec,Casual,All-weather,362,1041052.45,1282955.4393663157,-241902.98936631577
2013,12,Dec,GenZ,Trendy,795,908027.18,1100040.776639054,-192013.596639054
2013,12,Dec,Outdoor,Activewear,26969,27368066.33,33298203.15058083,-5930136.820580833
2013,12,Dec,Outdoor,Premium,1608,3407964.21,4508943.258107231,-1100979.048107231
2013,12,Dec,Streetwear,Balanced,2159,15888273.66,19708860.68849789,-3820587.0284978896
2013,12,Dec,Streetwear,Everyday,3884,19067569.08,23525110.361015882,-4457541.281015884
2013,12,Dec,Streetwear,Performance,1212,4593465.1,5698454.562645278,-1104989.4626452783
2013,12,Dec,Streetwear,Standard,259,882033.84,1047705.2112137288,-165671.3712137288
2014,1,Jan,Casual,All-weather,360,1355830.43,1170736.4031120404,185094.02688795957
2014,1,Jan,GenZ,Trendy,635,1061522.1199999999,848847.1446884426,212674.9753115573
2014,1,Jan,Outdoor,Activewear,12476,22887834.72,19210047.676239323,3677787.043760676
2014,1,Jan,Outdoor,Premium,1090,3452762.43,3051029.6451984528,401732.7848015474
2014,1,Jan,Streetwear,Balanced,2134,23664114.8,19412859.039135255,4251255.760864746
2014,1,Jan,Streetwear,Everyday,4002,29798082.92,24408115.350830663,5389967.569169339
2014,1,Jan,Streetwear,Performance,1267,7150978.41,6072499.504907678,1078478.9050923223
2014,1,Jan,Streetwear,Standard,161,834408.58,642791.5566699399,191617.02333006007
2014,2,Feb,Casual,All-weather,308,1248576.2,1064562.6833778685,184013.51662213146
2014,2,Feb,GenZ,Trendy,644,1256785.29,988350.2512159033,268435.0387840967
2014,2,Feb,Outdoor,Activewear,9825,22427217.84,17213850.436576087,5213367.403423913
2014,2,Feb,Outdoor,Premium,895,3013110.44,2592976.0461586034,420134.39384139655
2014,2,Feb,Streetwear,Balanced,2439,27600481.05,22225676.389945053,5374804.660054948
2014,2,Feb,Streetwear,Everyday,5188,38003456.71,30130372.730982557,7873083.979017444
2014,2,Feb,Streetwear,Performance,2215,13384396.53,10901324.885395158,2483071.6446048412
2014,2,Feb,Streetwear,Standard,322,1506933.05,1146833.7680202906,360099.2819797094
2014,3,Mar,Casual,All-weather,706,2384790.8,2334797.070865161,49993.72913483903
2014,3,Mar,GenZ,Trendy,1207,2187578.04,1935060.3999248485,252517.64007515158
2014,3,Mar,Outdoor,Activewear,14456,26717286.57,23456901.57574306,3260384.9942569397
2014,3,Mar,Outdoor,Premium,1504,4593274.39,4465360.184764219,127914.20523578022
2014,3,Mar,Streetwear,Balanced,4201,42358485.65,38808119.30983944,3550366.340160556
2014,3,Mar,Streetwear,Everyday,11057,68124144.26,61254858.66051843,6869285.599481575
2014,3,Mar,Streetwear,Performance,4829,24786174.99,23088981.072184112,1697193.9178158864
2014,3,Mar,Streetwear,Standard,534,2105670.47,1826546.254213293,279124.2157867071
2014,4,Apr,Casual,All-weather,1002,3790256.16,3565213.697349748,225042.46265025204
2014,4,Apr,GenZ,Trendy,1849,3329239.89,2861282.7730445303,467957.1169554698
2014,4,Apr,Outdoor,Activewear,16682,30424969.44,26776883.686523054,3648085.7534769475
2014,4,Apr,Outdoor,Premium,1710,5142737.86,4923688.8552988665,219049.00470113382
2014,4,Apr,Streetwear,Balanced,4994,50485893.36,45462525.06742338,5023368.2925766185
2014,4,Apr,Streetwear,Everyday,14579,88908464.16,78003331.93657753,10905132.223422468
2014,4,Apr,Streetwear,Performance,6721,35961908.04,33095386.927336644,2866521.1126633547
2014,4,Apr,Streetwear,Standard,634,2599053.23,2194211.3849948393,404841.84500516066
2014,5,May,Casual,All-weather,1109,4664873.61,4041749.4301501745,623124.1798498258
2014,5,May,GenZ,Trendy,2425,4511166.36,3505404.4871815997,1005761.8728184006
2014,5,May,Outdoor,Activewear,15940,30772689.25,24045323.116577502,6727366.133422498
2014,5,May,Outdoor,Premium,1485,4950785.44,4067563.4369001454,883222.003099855
2014,5,May,Streetwear,Balanced,4552,51920380.82,42169415.11301248,9750965.706987523
2014,5,May,Streetwear,Everyday,14774,97780737.57,76924280.23658724,20856457.33341275
2014,5,May,Streetwear,Performance,7975,46681076.01,38106340.3668008,8574735.643199198
2014,5,May,Streetwear,Standard,622,3027833.26,2333831.8974645273,694001.3625354725
2014,6,Jun,Casual,All-weather,814,3620530.81,3261274.792131598,359256.01786840195
2014,6,Jun,GenZ,Trendy,2198,4062289.64,3384131.6623237683,678157.9776762319
2014,6,Jun,Outdoor,Activewear,13604,23237872.88,20025928.753169216,3211944.1268307827
2014,6,Jun,Outdoor,Premium,1105,3392892.03,3114358.544765959,278533.48523404077
2014,6,Jun,Streetwear,Balanced,4362,46028496.01,40038252.23481684,5990243.775183156
2014,6,Jun,Streetwear,Everyday,12940,82074461.73,71233092.04922622,10841369.68077378
2014,6,Jun,Streetwear,Performance,6522,34467061.61,30287454.072970215,4179607.537029784
2014,6,Jun,Streetwear,Standard,741,3342771.55,2763617.0012321617,579154.5487678382
2014,7,Jul,Casual,All-weather,659,2685173.71,2700103.653981683,-14929.943981682882
2014,7,Jul,GenZ,Trendy,1936,3043140.91,2905348.4620691924,137792.4479308077
2014,7,Jul,Outdoor,Activewear,11841,17143937.83,16621716.210237084,522221.61976291426
2014,7,Jul,Outdoor,Premium,983,2667921.7,2777064.4038955974,-109142.70389559725
2014,7,Jul,Streetwear,Balanced,3614,32873852.76,33429898.08630238,-556045.3263023794
2014,7,Jul,Streetwear,Everyday,11825,65511582.91,64020466.792305484,1491116.117694512
2014,7,Jul,Streetwear,Performance,5642,27019894.72,26738812.54165646,281082.1783435382
2014,7,Jul,Streetwear,Standard,547,2043380.62,2056649.9041791365,-13269.28417913639
2014,8,Aug,Casual,All-weather,717,3205491.69,2685253.351849272,520238.338150728
2014,8,Aug,GenZ,Trendy,1879,3634007.78,2841261.595561382,792746.1844386179
2014,8,Aug,Outdoor,Activewear,13792,24403824.26,19277414.05439496,5126410.205605041
2014,8,Aug,Outdoor,Premium,1336,4446212.54,3662687.1908422215,783525.3491577785
2014,8,Aug,Streetwear,Balanced,4218,47720517.75,37128683.987524346,10591833.762475654
2014,8,Aug,Streetwear,Everyday,11695,80906533.22,64676122.61390771,16230410.60609229
2014,8,Aug,Streetwear,Performance,4753,28036848.66,22528369.875845667,5508478.784154333
2014,8,Aug,Streetwear,Standard,569,2732413.63,2159765.8848658865,572647.7451341134
2014,9,Sep,Casual,All-weather,561,2115943.0,2164437.977860878,-48494.97786087822
2014,9,Sep,GenZ,Trendy,1133,1828449.78,1710786.3034667121,117663.4765332879
2014,9,Sep,Outdoor,Activewear,9978,16258562.03,15481238.44184539,777323.5881546102
2014,9,Sep,Outdoor,Premium,1242,3429223.11,3416926.5870889993,12296.522911000531
2014,9,Sep,Streetwear,Balanced,3118,29817414.13,27866397.252233494,1951016.877766505
2014,9,Sep,Streetwear,Everyday,7187,40195042.98,38714746.43261092,1480296.5473890752
2014,9,Sep,Streetwear,Performance,2879,14281243.07,14182086.490995966,99156.5790040344
2014,9,Sep,Streetwear,Standard,428,1761248.7,1635503.367140636,125745.33285936387
2014,10,Oct,Casual,Activewear,12,54683.590000000004,30866.315368000003,23817.274632
2014,10,Oct,Casual,All-weather,457,1819478.33,1623751.3668286921,195726.96317130793
2014,10,Oct,GenZ,Trendy,723,1419330.3800000001,1098032.7924260984,321297.58757390175
2014,10,Oct,Outdoor,Activewear,10564,24752613.83,19151025.23899229,5601588.5910077095
2014,10,Oct,Outdoor,Premium,1481,5014209.82,4199401.045750614,814808.774249386
2014,10,Oct,Streetwear,Balanced,2793,32110319.29,25053201.643816635,7057117.646183364
2014,10,Oct,Streetwear,Everyday,5737,41256718.74,33627711.40292082,7629007.337079182
2014,10,Oct,Streetwear,Performance,2048,12420344.68,10046006.42378101,2374338.2562189903
2014,10,Oct,Streetwear,Standard,376,1873176.28,1451856.3720327977,421319.90796720237
2014,11,Nov,Casual,All-weather,468,1579912.9,1655962.8951357882,-76049.99513578834
2014,11,Nov,GenZ,Trendy,589,994171.3200000001,934546.7996092915,59624.52039070858
2014,11,Nov,Outdoor,Activewear,12417,19592100.79,18564405.050143883,1027695.7398561165
2014,11,Nov,Outdoor,Premium,1304,3691200.84,3685825.5380794005,5375.301920599304
2014,11,Nov,Streetwear,Balanced,2455,24488259.46,21933296.514448553,2554962.9455514476
2014,11,Nov,Streetwear,Everyday,4067,26390529.39,24433081.168319795,1957448.2216802053
2014,11,Nov,Streetwear,Performance,1677,8765722.89,8411333.208527101,354389.6814728994
2014,11,Nov,Streetwear,Standard,275,1110930.58,1068628.722260903,42301.85773909697
2014,12,Dec,Casual,Activewear,29,85891.90999999999,74533.598608,11358.311391999989
2014,12,Dec,Casual,All-weather,604,1810812.57,2417624.8193880958,-606812.2493880957
2014,12,Dec,GenZ,Trendy,720,900541.45,1078165.164569254,-177623.71456925408
2014,12,Dec,Outdoor,Activewear,26216,28340017.77,34090027.11090933,-5750009.340909328
2014,12,Dec,Outdoor,Premium,2112,4345216.07,5531880.376080102,-1186664.306080102
2014,12,Dec,Streetwear,Balanced,2549,19021214.56,22804542.539986003,-3783327.9799860045
2014,12,Dec,Streetwear,Everyday,4181,20372526.85,25399064.66044083,-5026537.810440827
2014,12,Dec,Streetwear,Performance,1890,7561479.26,9581853.357238939,-2020374.0972389393
2014,12,Dec,Streetwear,Standard,213,727112.69,843051.7302173483,-115939.04021734837
2015,1,Jan,Casual,Activewear,36,162802.98,92379.82712000002,70423.15288
2015,1,Jan,Casual,All-weather,410,1817981.31,1575239.8583670114,242741.45163298864
2015,1,Jan,GenZ,Trendy,456,920988.83,718164.9858738717,202823.84412612824
2015,1,Jan,Outdoor,Activewear,8990,20238147.79,15939658.446553495,4298489.343446504
2015,1,Jan,Outdoor,Premium,1093,3471281.85,3028004.9041511784,443276.94584882166
2015,1,Jan,Streetwear,Balanced,2090,23531387.09,18606053.3441329,4925333.7458671
2015,1,Jan,Streetwear,Everyday,3592,26557200.41,21667155.258276954,4890045.151723046
2015,1,Jan,Streetwear,Performance,1824,11076857.68,9257771.579938665,1819086.1000613347
2015,1,Jan,Streetwear,Standard,258,1332210.56,1043314.9889925623,288895.5710074378
2015,2,Feb,Casual,Activewear,13,59226.74,33451.551112,25775.188887999997
2015,2,Feb,Casual,All-weather,533,2302140.91,2011505.461247138,290635.44875286217
2015,2,Feb,GenZ,Trendy,683,1395258.41,1044286.2187553111,350972.1912446888
2015,2,Feb,Outdoor,Activewear,9893,16314840.46,17259483.36666253,-944642.9066625275
2015,2,Feb,Outdoor,Premium,1223,3018571.38,3427212.461032711,-408641.0810327111
2015,2,Feb,Streetwear,Balanced,3003,34218639.87,26684054.237448003,7534585.632551994
2015,2,Feb,Streetwear,Everyday,5394,40434071.76,32329716.037881132,8104355.722118866
2015,2,Feb,Streetwear,Performance,3014,18061961.7,15030255.58065575,3031706.1193442494
2015,2,Feb,Streetwear,Standard,309,1620315.18,1250445.6362138665,369869.5437861334
2015,3,Mar,Casual,Activewear,30,105995.75,77150.13706400001,28845.61293599999
2015,3,Mar,Casual,All-weather,702,2512754.13,2556078.4072849704,-43324.27728497051
2015,3,Mar,GenZ,Trendy,1107,2050949.92,1769785.857301752,281164.06269824784
2015,3,Mar,Outdoor,Activewear,12745,24937158.83,21597305.689127196,3339853.1408728026
2015,3,Mar,Outdoor,Premium,1583,4730653.41,4565341.316984209,165312.09301579092
2015,3,Mar,Streetwear,Balanced,4490,44580758.92,39725618.08350322,4855140.836496785
2015,3,Mar,Streetwear,Everyday,8815,54677058.65,49086791.4693772,5590267.180622801
2015,3,Mar,Streetwear,Performance,4765,25111191.11,23959108.055010207,1152083.0549897924
2015,3,Mar,Streetwear,Standard,475,1933618.15,1633300.4514909384,300317.6985090615
2015,4,Apr,Casual,Activewear,25,97307.59,64130.05020800001,33177.53979199999
2015,4,Apr,Casual,All-weather,1264,4479741.73,4294165.772922505,185575.95707749575
2015,4,Apr,GenZ,Trendy,2268,4453451.16,3706133.1559197116,747318.0040802886
2015,4,Apr,Outdoor,Activewear,15695,30962883.19,26163546.026230454,4799337.163769547
2015,4,Apr,Outdoor,Premium,1591,4774231.05,4557533.0187233295,216698.03127667028
2015,4,Apr,Streetwear,Balanced,6162,60672527.02,53873824.18175271,6798702.838247292
2015,4,Apr,Streetwear,Everyday,15362,91325304.98,80425970.9840818,10899333.9959182
2015,4,Apr,Streetwear,Performance,8687,45872957.01,41914358.18922689,3958598.82077311
2015,4,Apr,Streetwear,Standard,761,3203896.31,2663512.722637938,540383.5873620622
2015,5,May,Casual,Activewear,23,105739.61,59084.78956800001,46654.82043199999
2015,5,May,Casual,All-weather,1084,4451513.26,3791421.6826472757,660091.577352724
2015,5,May,GenZ,Trendy,2145,4426138.76,3345939.7550723297,1080199.0049276701
2015,5,May,Outdoor,Activewear,13319,27643126.169999998,20974155.15786587,6668971.012134127
2015,5,May,Outdoor,Premium,1738,5890357.55,5046591.096197964,843766.4538020361
2015,5,May,Streetwear,Balanced,5181,57942648.1,45628778.47004012,12313869.629959881
2015,5,May,Streetwear,Everyday,13125,86663388.05,68671718.99118833,17991669.058811665
2015,5,May,Streetwear,Performance,8611,50184538.01,41345031.59223107,8839506.417768925
2015,5,May,Streetwear,Standard,630,3077236.7,2277344.850451598,799891.8495484022
2015,6,Jun,Casual,Activewear,12,56123.0,30991.526216000002,25131.473783999998
2015,6,Jun,Casual,All-weather,830,3358232.8,3066410.061546224,291822.73845377564
2015,6,Jun,GenZ,Trendy,1852,3416060.35,2842420.8336838335,573639.5163161666
2015,6,Jun,Outdoor,Activewear,12765,23259259.05,19319921.889508095,3939337.160491906
2015,6,Jun,Outdoor,Premium,1112,3256661.81,2969748.764580851,286913.0454191491
2015,6,Jun,Streetwear,Balanced,5410,56393865.05,47039968.02669636,9353897.023303635
2015,6,Jun,Streetwear,Everyday,12173,76212134.08,65406688.70422622,10805445.37577378
2015,6,Jun,Streetwear,Performance,7077,38343181.39,34712547.35387183,3630634.036128171
2015,6,Jun,Streetwear,Standard,771,3583948.28,2811772.904077189,772175.3759228108
2015,7,Jul,Casual,Activewear,5,15814.900000000001,12894.876008000001,2920.0239920000004
2015,7,Jul,Casual,All-weather,835,2905429.48,2981402.0025685187,-75972.52256851876
2015,7,Jul,GenZ,Trendy,2059,3484296.02,3237753.795939369,246542.2240606309
2015,7,Jul,Outdoor,Activewear,9635,14988505.97,14228542.536587281,759963.4334127195
2015,7,Jul,Outdoor,Premium,846,2277879.7,2401447.5843868554,-123567.88438685518
2015,7,Jul,Streetwear,Balanced,4829,42863364.13,43701228.96602486,-837864.836024858
2015,7,Jul,Streetwear,Everyday,11033,59599378.46,59241465.15131245,357913.3086875528
2015,7,Jul,Streetwear,Performance,5410,25279331.1,26975741.702586304,-1696410.602586303
2015,7,Jul,Streetwear,Standard,565,2168385.0,1978421.6628382541,189963.33716174588
2015,8,Aug,Casual,Activewear,47,218268.72,120786.11759200001,97482.60240799999
2015,8,Aug,Casual,All-weather,1009,4003979.38,3542044.7402509623,461934.63974903757
2015,8,Aug,GenZ,Trendy,2494,5140742.32,3914557.500710766,1226184.8192892345
2015,8,Aug,Outdoor,Activewear,11335,21492074.92,16231927.952792274,5260146.967207728
2015,8,Aug,Outdoor,Premium,1271,4406112.23,3635614.814948298,770497.4150517024
2015,8,Aug,Streetwear,Balanced,4504,26657317.37,42086793.1676505,-15429475.797650497
2015,8,Aug,Streetwear,Everyday,11606,39437494.72,61480804.31629805,-22043309.596298054
2015,8,Aug,Streetwear,Performance,5226,15655959.32,25407683.06572417,-9751723.745724171
2015,8,Aug,Streetwear,Standard,605,1622046.67,2206397.4279618543,-584350.7579618543
2015,9,Sep,Casual,Activewear,43,160134.1,110445.174616,49688.925384
2015,9,Sep,Casual,All-weather,1185,4007558.8,4303843.836562606,-296285.03656260576
2015,9,Sep,GenZ,Trendy,3088,5293230.08,4728787.180179061,564442.8998209387
2015,9,Sep,Outdoor,Activewear,10350,17955461.13,16408725.720384,1546735.409615999
2015,9,Sep,Outdoor,Premium,1265,3522757.97,3470863.0777221303,51894.89227786986
2015,9,Sep,Streetwear,Balanced,3439,31510146.52,32547031.83711325,-1036885.3171132505
2015,9,Sep,Streetwear,Everyday,10676,55712117.4,55815974.40465291,-103857.00465290993
2015,9,Sep,Streetwear,Performance,4378,20178652.05,21230012.339800335,-1051360.2898003347
2015,9,Sep,Streetwear,Standard,471,1886738.76,1638507.8814531192,248230.8785468808
2015,10,Oct,Casual,All-weather,718,3069456.39,2634292.211959569,435164.17804043135
2015,10,Oct,GenZ,Trendy,1441,3073755.57,2376301.3482796303,697454.2217203695
2015,10,Oct,Outdoor,Activewear,9957,21345661.24,16106102.090460766,5239559.149539232
2015,10,Oct,Outdoor,Premium,1681,6148794.66,4926918.03548288,1221876.6245171204
2015,10,Oct,Streetwear,Balanced,3329,38039495.26,31725421.84690452,6314073.413095478
2015,10,Oct,Streetwear,Everyday,6895,48929129.2,39749075.21885029,9180053.98114971
2015,10,Oct,Streetwear,Performance,2799,16166027.08,13395916.647665992,2770110.4323340077
2015,10,Oct,Streetwear,Standard,407,2093200.86,1533667.0610736222,559533.7989263779
2015,11,Nov,Casual,Activewear,9,29885.620000000003,23141.910848000003,6743.709151999999
2015,11,Nov,Casual,All-weather,566,1988889.14,2074440.3903746733,-85551.2503746734
2015,11,Nov,GenZ,Trendy,701,1308997.01,1150345.5577843667,158651.45221563336
2015,11,Nov,Outdoor,Activewear,12185,18268411.13,17114536.132255867,1153874.9977441318
2015,11,Nov,Outdoor,Premium,1935,5734310.57,5891984.789803111,-157674.2198031107
2015,11,Nov,Streetwear,Balanced,2655,26260569.3,25540575.930997506,719993.369002495
2015,11,Nov,Streetwear,Everyday,4658,29628601.74,27595234.01937218,2033367.7206278183
2015,11,Nov,Streetwear,Performance,2013,10157268.14,10431800.471968258,-274532.3319682572
2015,11,Nov,Streetwear,Standard,270,1156905.0,976989.8336421734,179915.16635782656
2015,12,Dec,Casual,Activewear,23,68708.08,59147.39499200001,9560.685007999993
2015,12,Dec,Casual,All-weather,540,1515993.29,1996151.202240099,-480157.9122400989
2015,12,Dec,GenZ,Trendy,998,1299347.58,1606057.4379248316,-306709.85792483157
2015,12,Dec,Outdoor,Activewear,24151,25100301.91,29556489.72497316,-4456187.814973161
2015,12,Dec,Outdoor,Premium,2682,6156935.83,7983951.802417712,-1827015.9724177122
2015,12,Dec,Streetwear,Balanced,2357,17806392.62,22906448.975352667,-5100056.355352666
2015,12,Dec,Streetwear,Everyday,4711,23344312.29,29072274.745561,-5727962.455561001
2015,12,Dec,Streetwear,Performance,2101,8435267.73,11151223.399158712,-2715955.669158712
2015,12,Dec,Streetwear,Standard,319,1159696.26,1251286.6525496289,-91590.39254962886
2016,1,Jan,Casual,Activewear,38,176857.39,97894.62844,78962.76156000001
2016,1,Jan,Casual,All-weather,507,2120526.14,1839461.283521334,281064.8564786662
2016,1,Jan,GenZ,Trendy,587,1202914.94,930773.8201691625,272141.1198308375
2016,1,Jan,Outdoor,Activewear,8745,19209290.31,15057133.867822172,4152156.4421778265
2016,1,Jan,Outdoor,Premium,1965,7298422.11,6282113.669596158,1016308.4404038424
2016,1,Jan,Streetwear,Balanced,2748,32098155.4,26875951.84273969,5222203.557260308
2016,1,Jan,Streetwear,Everyday,4877,37818934.79,30848783.341860957,6970151.448139042
2016,1,Jan,Streetwear,Performance,2552,14948058.96,13106679.369838402,1841379.5901615992
2016,1,Jan,Streetwear,Standard,298,1584799.78,1123172.9616343994,461626.81836560066
2016,2,Feb,Casual,Activewear,32,147785.94,82320.608552,65465.331448
2016,2,Feb,Casual,All-weather,531,2235684.64,1867275.779481164,368408.8605188362
2016,2,Feb,GenZ,Trendy,668,1555835.94,1247072.8508126063,308763.08918739366
2016,2,Feb,Outdoor,Activewear,8234,18529875.23,14004602.656151785,4525272.573848216
2016,2,Feb,Outdoor,Premium,1928,7660932.11,6280005.3901678845,1380926.7198321158
2016,2,Feb,Streetwear,Balanced,2944,33910085.84,27851946.50020891,6058139.339791093
2016,2,Feb,Streetwear,Everyday,5805,43861931.05,35373771.93189941,8488159.118100584
2016,2,Feb,Streetwear,Performance,3352,20068988.62,16862711.694746528,3206276.925253473
2016,2,Feb,Streetwear,Standard,306,1724001.93,1216575.8628788125,507426.06712118746
2016,3,Mar,Casual,Activewear,19,77659.85,48681.24116800001,28978.608831999998
2016,3,Mar,Casual,All-weather,937,3550630.29,3450098.3157871547,100531.97421284532
2016,3,Mar,GenZ,Trendy,979,2086604.17,1805515.0877126884,281089.08228731155
2016,3,Mar,Outdoor,Activewear,10490,19678048.19,16946402.967124123,2731645.222875878
2016,3,Mar,Outdoor,Premium,2283,7895341.3,7186325.710314755,709015.5896852445
2016,3,Mar,Streetwear,Balanced,4292,43743887.92,40971846.108740866,2772041.8112591356
2016,3,Mar,Streetwear,Everyday,9469,61820374.44,56129473.89967932,5690900.54032068
2016,3,Mar,Streetwear,Performance,5515,28085326.92,26193854.632596854,1891472.2874031477
2016,3,Mar,Streetwear,Standard,422,1773243.21,1442098.666090292,331144.54390970804
2016,4,Apr,Casual,Activewear,60,246544.09,154300.27412800002,92243.81587199998
2016,4,Apr,Casual,All-weather,1653,6282753.86,6009177.714860405,273576.1451395955
2016,4,Apr,GenZ,Trendy,1962,4006365.21,3308093.2684079264,698271.9415920735
2016,4,Apr,Outdoor,Activewear,12614,23139911.37,19392748.162022516,3747163.207977485
2016,4,Apr,Outdoor,Premium,2526,8660346.08,8156613.728855154,503732.3511448465
2016,4,Apr,Streetwear,Balanced,5864,58283537.67,54179098.04796829,4104439.622031711
2016,4,Apr,Streetwear,Everyday,16323,103051508.94,91331900.42033462,11719608.519665375
2016,4,Apr,Streetwear,Performance,9172,47621122.83,42501313.33477562,5119809.495224379
2016,4,Apr,Streetwear,Standard,603,2861184.83,2218103.018814222,643081.8111857781
2016,5,May,Casual,Activewear,52,241200.09,133680.99360000002,107519.09639999998
2016,5,May,Casual,All-weather,1556,6381354.74,5525646.582969255,855708.1570307454
2016,5,May,GenZ,Trendy,2752,6325103.18,4802147.683521547,1522955.4964784523
2016,5,May,Outdoor,Activewear,10540,21319065.15,16043496.11283992,5275569.037160078
2016,5,May,Outdoor,Premium,1986,7519794.84,6283791.342236072,1236003.497763928
2016,5,May,Streetwear,Balanced,6103,65451204.35,53563845.56955598,11887358.780444019
2016,5,May,Streetwear,Everyday,16004,108064689.98,86575924.94647153,21488765.033528477
2016,5,May,Streetwear,Performance,8748,50116046.0,40477992.613229826,9638053.386770174
2016,5,May,Streetwear,Standard,531,2713425.29,1842779.32930362,870645.9606963801
2016,6,Jun,Casual,Activewear,23,96575.66,59084.78956800001,37490.870431999996
2016,6,Jun,Casual,All-weather,1288,4746908.0,4459479.079406712,287428.9205932878
2016,6,Jun,GenZ,Trendy,2524,5103075.69,4200904.2469680095,902171.4430319909
2016,6,Jun,Outdoor,Activewear,10615,18755479.97,15595084.922253493,3160395.0477465056
2016,6,Jun,Outdoor,Premium,1662,5623370.69,5040827.964633679,582542.7253663214
2016,6,Jun,Streetwear,Balanced,5898,60007567.27,52925839.43363668,7081727.836363323
2016,6,Jun,Streetwear,Everyday,15424,100210853.68,86616411.64649478,13594442.033505231
2016,6,Jun,Streetwear,Performance,8994,47888617.54,42484753.82216488,5403863.717835121
2016,6,Jun,Streetwear,Standard,525,2561981.48,1903058.3347116243,658923.1452883757
2016,7,Jul,Casual,Activewear,7,21734.339999999997,17877.531224000002,3856.8087759999944
2016,7,Jul,Casual,All-weather,976,3196366.24,3543772.816563954,-347406.5765639539
2016,7,Jul,GenZ,Trendy,2265,4112090.51,3927262.02674703,184828.48325296957
2016,7,Jul,Outdoor,Activewear,7754,11981280.25,11226326.76052582,754953.4894741792
2016,7,Jul,Outdoor,Premium,1125,3676449.78,3732390.6246728376,-55940.84467283776
2016,7,Jul,Streetwear,Balanced,4826,42500131.23,41590528.2741454,909602.9558545947
2016,7,Jul,Streetwear,Everyday,11753,66120247.73,65874633.42934471,245614.30065528303
2016,7,Jul,Streetwear,Performance,6060,28498204.73,28803035.367886923,-304830.6378869228
2016,7,Jul,Streetwear,Standard,490,2073744.89,1778698.9262245998,295045.9637754001
2016,8,Aug,Casual,Activewear,6,27552.059999999998,15448.80904,12103.250959999998
2016,8,Aug,Casual,All-weather,1205,5134608.98,4420012.434367034,714596.5456329668
2016,8,Aug,GenZ,Trendy,2532,5889276.2,4489063.289975717,1400212.9100242835
2016,8,Aug,Outdoor,Activewear,10386,21872570.58,16494338.596229011,5378231.983770987
2016,8,Aug,Outdoor,Premium,1728,6658932.33,5443179.976913291,1215752.353086709
2016,8,Aug,Streetwear,Balanced,6134,69598438.35,56119464.797074735,13478973.552925259
2016,8,Aug,Streetwear,Everyday,11236,78011272.79,63223731.139683954,14787541.650316052
2016,8,Aug,Streetwear,Performance,6174,36649340.18,29551138.916509777,7098201.263490222
2016,8,Aug,Streetwear,Standard,581,3058267.8,2153352.9587568007,904914.8412431991
2016,9,Sep,Casual,Activewear,8,29933.08,20587.977816,9345.102184000003
2016,9,Sep,Casual,All-weather,689,2326156.21,2482465.8069875543,-156309.59698755434
2016,9,Sep,GenZ,Trendy,1429,2708235.82,2498901.372432235,209334.44756776467
2016,9,Sep,Outdoor,Activewear,8508,16211949.72,14856392.252477374,1355557.4675226267
2016,9,Sep,Outdoor,Premium,1315,4232812.6,4190364.080747163,42448.519252836704
2016,9,Sep,Streetwear,Balanced,4559,44170011.93,44104388.42627304,65623.50372695923
2016,9,Sep,Streetwear,Everyday,7177,41896923.97,41197331.71207087,699592.2579291314
2016,9,Sep,Streetwear,Performance,4010,19307907.15,18770547.550703455,537359.5992965437
2016,9,Sep,Streetwear,Standard,260,1101008.74,935689.2262297029,165319.51377029705
2016,10,Oct,Casual,Activewear,12,53870.6,30772.407232000005,23098.192767999994
2016,10,Oct,Casual,All-weather,668,2774006.6,2389320.1789829433,384686.4210170568
2016,10,Oct,GenZ,Trendy,727,1796546.81,1414890.6080963828,381656.20190361724
2016,10,Oct,Outdoor,Activewear,8037,18988796.66,14592395.3314038,4396401.328596201
2016,10,Oct,Outdoor,Premium,1334,5057838.63,4129357.5877871946,928481.0422128052
2016,10,Oct,Streetwear,Balanced,3558,41567263.38,33244473.47442215,8322789.905577853
2016,10,Oct,Streetwear,Everyday,5365,38619942.34,31749500.018190447,6870442.321809556
2016,10,Oct,Streetwear,Performance,2885,16836796.59,13504246.840214599,3332549.749785401
2016,10,Oct,Streetwear,Standard,269,1368993.06,1023444.7007019498,345548.3592980503
2016,11,Nov,Casual,Activewear,17,79695.63,43479.46696800001,36216.163032
2016,11,Nov,Casual,All-weather,538,2193866.16,2232874.4015600514,-39008.24156005122
2016,11,Nov,GenZ,Trendy,647,1354500.3599999999,1203648.2901877053,150852.06981229456
2016,11,Nov,Outdoor,Activewear,11004,19431221.61,18206751.86765893,1224469.7423410676
2016,11,Nov,Outdoor,Premium,1581,5452921.71,5336736.722210888,116184.98778911214
2016,11,Nov,Streetwear,Balanced,2739,27698232.84,26209142.52491832,1489090.3150816783
2016,11,Nov,Streetwear,Everyday,4292,27622187.84,25687915.87749651,1934271.962503489
2016,11,Nov,Streetwear,Performance,2441,12383302.73,11477319.295645552,905983.4343544487
2016,11,Nov,Streetwear,Standard,235,1232718.3699999999,1006342.4021316124,226375.96786838747
2016,12,Dec,Casual,All-weather,614,1806210.8699999999,2501840.2441339404,-695629.3741339406
2016,12,Dec,GenZ,Trendy,1029,1475444.0,1781353.4616679053,-305909.4616679053
2016,12,Dec,Outdoor,Activewear,20574,23614829.57,27944820.787566617,-4329991.217566617
2016,12,Dec,Outdoor,Premium,1945,4527709.33,5749951.905570729,-1222242.5755707286
2016,12,Dec,Streetwear,Balanced,2952,22456015.08,28123258.61595806,-5667243.535958063
2016,12,Dec,Streetwear,Everyday,4219,21019116.76,26595597.996278983,-5576481.236278981
2016,12,Dec,Streetwear,Performance,2298,8968896.9,11121375.865956627,-2152478.9659566265
2016,12,Dec,Streetwear,Standard,195,774307.11,889014.5775784866,-114707.46757848666
2017,1,Jan,Casual,All-weather,596,2900172.56,2531412.9928186047,368759.56718139537
2017,1,Jan,GenZ,Trendy,426,1066849.65,852769.3503866498,214080.29961335007
2017,1,Jan,Outdoor,Activewear,7143,17829077.07,14129354.047695048,3699723.022304952
2017,1,Jan,Outdoor,Premium,1165,4355962.0,3835179.0305021172,520782.96949788276
2017,1,Jan,Streetwear,Balanced,2475,28416943.77,22915524.03938055,5501419.730619449
2017,1,Jan,Streetwear,Everyday,3509,26641187.69,21935988.890366204,4705198.799633797
2017,1,Jan,Streetwear,Performance,2020,12137908.28,9952868.73914488,2185039.540855119
2017,1,Jan,Streetwear,Standard,253,1361185.79,1034597.5653431902,326588.2246568098
2017,2,Feb,Casual,All-weather,576,2727514.74,2332120.163924968,395394.57607503235
2017,2,Feb,GenZ,Trendy,578,1380487.25,1108861.6908835159,271625.55911648413
2017,2,Feb,Outdoor,Activewear,7303,14007061.21,14598404.66974739,-591343.459747389
2017,2,Feb,Outdoor,Premium,1196,3412492.63,3884103.4851816813,-471610.85518168146
2017,2,Feb,Streetwear,Balanced,2990,34712144.61,27741299.699566126,6970844.9104338735
2017,2,Feb,Streetwear,Everyday,4604,33242724.72,26924357.04558685,6318367.674413148
2017,2,Feb,Streetwear,Performance,2575,16085800.0,12878856.594612611,3206943.4053873885
2017,2,Feb,Streetwear,Standard,269,1504766.02,1065726.8780062255,439039.14199377457
2017,3,Mar,Casual,All-weather,907,3369125.89,3444518.789029664,-75392.89902966376
2017,3,Mar,GenZ,Trendy,1021,2125571.56,1869657.8975251666,255913.66247483343
2017,3,Mar,Outdoor,Activewear,9313,20202169.69,17893966.304266356,2308203.3857336454
2017,3,Mar,Outdoor,Premium,1759,5944817.71,5712976.858616129,231840.8513838714
2017,3,Mar,Streetwear,Balanced,4945,48288803.03,44575713.10542623,3713089.9245737717
2017,3,Mar,Streetwear,Everyday,9558,58869991.52,54589915.42638693,4280076.093613073
2017,3,Mar,Streetwear,Performance,6746,35483661.74,33625959.27663744,1857702.4633625597
2017,3,Mar,Streetwear,Standard,352,1588395.57,1320931.4217323363,267464.1482676638
2017,4,Apr,Casual,All-weather,1369,5041570.88,4897271.0050126165,144299.87498738337
2017,4,Apr,GenZ,Trendy,1775,3813195.39,3278361.966133621,534833.4238663791
2017,4,Apr,Outdoor,Activewear,11623,24468076.42,20797219.52554106,3670856.894458942
2017,4,Apr,Outdoor,Premium,1716,5978575.64,5725456.435507495,253119.2044925047
2017,4,Apr,Streetwear,Balanced,5907,59091603.28,52910574.61846201,6181028.66153799
2017,4,Apr,Streetwear,Everyday,11957,73452849.8,66268856.25560352,7183993.544396475
2017,4,Apr,Streetwear,Performance,7986,43008192.13,39267671.59387212,3740520.53612788
2017,4,Apr,Streetwear,Standard,543,2555215.8,2046346.4687285475,508869.33127145236
2017,5,May,Casual,All-weather,1712,7136013.28,6208806.315453627,927206.9645463731
2017,5,May,GenZ,Trendy,2547,5650694.55,4459069.399053729,1191625.1509462707
2017,5,May,Outdoor,Activewear,10350,23805184.48,18218607.779332835,5586576.700667165
2017,5,May,Outdoor,Premium,1505,6040394.38,5144024.553021889,896369.8269781107
2017,5,May,Streetwear,Balanced,6267,70646928.63,56943612.55251902,13703316.077480972
2017,5,May,Streetwear,Everyday,14148,94272590.4,76231629.37269413,18040961.02730587
2017,5,May,Streetwear,Performance,8978,51685422.41,41183226.39671613,10502196.013283864
2017,5,May,Streetwear,Standard,687,3671617.73,2679219.5225921012,992398.2074078987
2017,6,Jun,Casual,Activewear,5,14787.27,12926.17872,1861.0912800000006
2017,6,Jun,Casual,All-weather,1781,6526782.75,6433764.769726222,93017.98027377762
2017,6,Jun,GenZ,Trendy,3064,6272898.89,5330839.3444088735,942059.5455911262
2017,6,Jun,Outdoor,Activewear,10464,21685711.31,18178932.63167021,3506778.678329788
2017,6,Jun,Outdoor,Premium,1551,5475474.12,5099431.743636679,376042.3763633212
2017,6,Jun,Streetwear,Balanced,7588,77451095.48,67852297.0853255,9598798.39467451
2017,6,Jun,Streetwear,Everyday,14849,90580838.72,80065392.7822267,10515445.937773302
2017,6,Jun,Streetwear,Performance,8551,45071116.62,39471786.66199465,5599329.958005346
2017,6,Jun,Streetwear,Standard,755,3588819.7,2820785.274245378,768034.4257546221
2017,7,Jul,Casual,All-weather,1154,3809809.08,4221868.443295474,-412059.3632954741
2017,7,Jul,GenZ,Trendy,1992,3763660.2,3608598.508032111,155061.6919678892
2017,7,Jul,Outdoor,Activewear,7114,12745204.06,12154932.2785657,590271.7814343013
2017,7,Jul,Outdoor,Premium,952,3028728.47,3162547.037799536,-133818.56779953558
2017,7,Jul,Streetwear,Balanced,6534,58417203.81,59249581.99944547,-832378.1894454658
2017,7,Jul,Streetwear,Everyday,10961,59877316.85,62166242.507347815,-2288925.6573478132
2017,7,Jul,Streetwear,Performance,5996,26349361.75,27925790.042198665,-1576428.2921986654
2017,7,Jul,Streetwear,Standard,483,2098972.67,1920483.5013720656,178489.1686279343
2017,8,Aug,Casual,All-weather,1197,4962006.0,4358279.302003138,603726.6979968622
2017,8,Aug,GenZ,Trendy,1946,4399084.32,3363194.753837435,1035889.5661625653
2017,8,Aug,Outdoor,Activewear,8791,20351190.29,15713893.156343782,4637297.133656217
2017,8,Aug,Outdoor,Premium,1244,4672381.04,4091679.3257780313,580701.7142219688
2017,8,Aug,Streetwear,Balanced,5286,30873684.48,48702165.87729936,-17828481.39729936
2017,8,Aug,Streetwear,Everyday,9655,33271429.03,54192516.64573792,-20921087.615737922
2017,8,Aug,Streetwear,Performance,5673,16270464.73,26429577.813351814,-10159113.083351813
2017,8,Aug,Streetwear,Standard,505,1374067.53,1958166.1516775528,-584098.6216775528
2017,9,Sep,Casual,All-weather,708,2539725.13,2569747.951589225,-30022.821589224972
2017,9,Sep,GenZ,Trendy,1505,2934603.14,2661470.6018349654,273132.5381650347
2017,9,Sep,Outdoor,Activewear,7569,15564635.14,14261014.649717998,1303620.4902820028
2017,9,Sep,Outdoor,Premium,1235,4190227.92,4331182.2640108485,-140954.34401084855
2017,9,Sep,Streetwear,Balanced,4217,38559002.31,39143427.28526386,-584424.9752638564
2017,9,Sep,Streetwear,Everyday,7102,38521967.77,40215182.99775386,-1693215.2277538553
2017,9,Sep,Streetwear,Performance,3951,18260776.32,18893462.95036671,-632686.6303667091
2017,9,Sep,Streetwear,Standard,473,1851213.89,1736441.625794641,114772.26420535892
2017,10,Oct,Casual,Activewear,18,88545.93000000001,51002.988708000004,37542.941292
2017,10,Oct,Casual,All-weather,936,4353166.67,3706461.4748407938,646705.1951592062
2017,10,Oct,GenZ,Trendy,1265,3151103.31,2464090.063545628,687013.2464543721
2017,10,Oct,Outdoor,Activewear,6657,16714251.39,12857232.056765862,3857019.333234139
2017,10,Oct,Outdoor,Premium,1231,4717275.76,3900609.378623055,816666.381376945
2017,10,Oct,Streetwear,Balanced,3743,44393288.48,35028574.727706894,9364713.752293102
2017,10,Oct,Streetwear,Everyday,5339,38063484.85,30714188.21034963,7349296.639650371
2017,10,Oct,Streetwear,Performance,3088,18527066.6,14937339.121149218,3589727.478850784
2017,10,Oct,Streetwear,Standard,254,1316530.8699999999,1001064.4634330937,315466.40656690614
2017,11,Nov,Casual,Activewear,283,1382349.61,1221035.149404,161314.46059600008
2017,11,Nov,Casual,All-weather,671,2638863.5300000003,2630777.767408567,8085.762591433246
2017,11,Nov,GenZ,Trendy,600,1256620.48,1195486.48830203,61133.99169797008
2017,11,Nov,Outdoor,Activewear,8629,17220075.51,15650597.377142016,1569478.1328579858
2017,11,Nov,Outdoor,Premium,1183,3992676.26,3780691.6928306273,211984.56716937246
2017,11,Nov,Streetwear,Balanced,2816,28653898.38,26657570.54018799,1996327.8398120105
2017,11,Nov,Streetwear,Everyday,3879,24208044.28,22487534.208854,1720510.0711460002
2017,11,Nov,Streetwear,Performance,2541,13485431.11,13070472.413725587,414958.6962744128
2017,11,Nov,Streetwear,Standard,207,980081.03,892143.8884655489,87937.14153445116
2017,12,Dec,Casual,Activewear,210,708359.35,851030.772228,-142671.422228
2017,12,Dec,Casual,All-weather,509,1610448.33,2124855.8342072526,-514407.5042072525
2017,12,Dec,GenZ,Trendy,821,1170476.67,1363027.9565918178,-192551.28659181786
2017,12,Dec,Outdoor,Activewear,15534,18667100.72,22431548.26667186,-3764447.54667186
2017,12,Dec,Outdoor,Premium,1321,3271650.46,4161864.523183754,-890214.0631837542
2017,12,Dec,Streetwear,Balanced,2173,17121608.98,21232580.262393355,-4110971.282393355
2017,12,Dec,Streetwear,Everyday,3145,14980844.54,18626740.520038743,-3645895.9800387435
2017,12,Dec,Streetwear,Performance,2103,8518710.59,10826974.454919007,-2308263.864919007
2017,12,Dec,Streetwear,Standard,284,1027499.6,1207677.0249774707,-180177.42497747077
2018,1,Jan,Casual,Activewear,196,1007978.9400000001,731088.2665799999,276890.6734200001
2018,1,Jan,Casual,All-weather,583,2212277.73,1985078.5422776637,227199.18772233627
2018,1,Jan,GenZ,Trendy,538,1141259.98,919852.6438897781,221407.33611022192
2018,1,Jan,Outdoor,Activewear,5599,13202425.33,10629513.672173284,2572911.657826716
2018,1,Jan,Outdoor,Premium,923,3528316.22,3103518.2580151376,424797.9619848626
2018,1,Jan,Streetwear,Balanced,2425,28218603.47,23495360.73372168,4723242.736278318
2018,1,Jan,Streetwear,Everyday,3297,25577502.95,20933448.897686165,4644054.052313834
2018,1,Jan,Streetwear,Performance,2365,13878861.26,11872276.576796971,2006584.6832030285
2018,1,Jan,Streetwear,Standard,213,1064566.64,852206.3955991585,212360.24440084142
2018,2,Feb,Casual,Activewear,171,895945.88,674082.818752,221863.061248
2018,2,Feb,Casual,All-weather,590,2509084.06,2231473.9850592557,277610.0749407443
2018,2,Feb,GenZ,Trendy,581,1219055.99,958761.187702678,260294.80229732196
2018,2,Feb,Outdoor,Activewear,6260,16280869.53,12647261.77698916,3633607.753010839
2018,2,Feb,Outdoor,Premium,1040,3948027.16,3260285.6906205323,687741.4693794679
2018,2,Feb,Streetwear,Balanced,2866,33279824.57,26227356.581281703,7052467.988718297
2018,2,Feb,Streetwear,Everyday,4367,33458033.29,26501148.3671987,6956884.922801301
2018,2,Feb,Streetwear,Performance,2810,17548885.17,14446039.149270996,3102846.0207290053
2018,2,Feb,Streetwear,Standard,227,1173082.38,857673.1218912782,315409.2581087217
2018,3,Mar,Casual,Activewear,242,1142174.6,1020411.256284,121763.34371600009
2018,3,Mar,Casual,All-weather,1228,4433289.18,4295564.838415765,137724.3415842345
2018,3,Mar,GenZ,Trendy,1624,3221471.84,2821480.609675423,399991.2303245771
2018,3,Mar,Outdoor,Activewear,8282,18315920.94,15780262.165327467,2535658.7746725343
2018,3,Mar,Outdoor,Premium,1305,4606998.53,4362274.678433466,244723.8515665345
2018,3,Mar,Streetwear,Balanced,4576,46384501.01,41385351.731570676,4999149.278429322
2018,3,Mar,Streetwear,Everyday,8311,51769209.06,46513545.35643976,5255663.703560241
2018,3,Mar,Streetwear,Performance,5473,28065679.98,26206545.185207836,1859134.7947921641
2018,3,Mar,Streetwear,Standard,430,1988895.3,1718647.7282755869,270247.5717244132
2018,4,Apr,Casual,Activewear,239,1113511.82,1001383.302276,112128.51772400003
2018,4,Apr,Casual,All-weather,1761,6667768.02,6308112.945395069,359655.07460493036
2018,4,Apr,GenZ,Trendy,2218,4576488.02,3740273.4388090665,836214.581190933
2018,4,Apr,Outdoor,Activewear,8692,18760892.16,16006588.62854014,2754303.5314598605
2018,4,Apr,Outdoor,Premium,1242,4485358.21,4173557.6834716154,311800.52652838454
2018,4,Apr,Streetwear,Balanced,5893,61381215.88,52508706.733715035,8872509.146284968
2018,4,Apr,Streetwear,Everyday,11416,69591434.7,60851951.90705249,8739482.792947516
2018,4,Apr,Streetwear,Performance,7867,40786847.27,36378429.04898172,4408418.221018285
2018,4,Apr,Streetwear,Standard,537,2714648.65,2123490.559867542,591158.0901324581
2018,5,May,Casual,Activewear,190,1001793.68,746379.918144,255413.76185600006
2018,5,May,Casual,All-weather,2402,9556186.25,8217695.865105206,1338490.3848947939
2018,5,May,GenZ,Trendy,4592,10082929.03,7829836.795451532,2253092.234548467
2018,5,May,Outdoor,Activewear,8174,18515027.15,14313522.895848954,4201504.254151044
2018,5,May,Outdoor,Premium,1047,4134627.59,3512590.6051273895,622036.9848726103
2018,5,May,Streetwear,Balanced,6196,69879026.09,54570454.28558349,15308571.804416515
2018,5,May,Streetwear,Everyday,14857,94796190.93,75236584.32006773,19559606.609932274
2018,5,May,Streetwear,Performance,9016,51604693.87,41809867.418505564,9794826.451494433
2018,5,May,Streetwear,Standard,657,3208028.39,2356842.414112174,851185.9758878262
2018,6,Jun,Casual,Activewear,252,1273405.22,1002989.730708,270415.48929199995
2018,6,Jun,Casual,All-weather,2764,10104950.41,9656318.446255103,448631.9637448974
2018,6,Jun,GenZ,Trendy,6505,13755083.28,11416970.901416373,2338112.378583627
2018,6,Jun,Outdoor,Activewear,7488,14683149.12,12317711.172671052,2365437.9473289475
2018,6,Jun,Outdoor,Premium,936,3276146.2,3089329.062330015,186817.13766998518
2018,6,Jun,Streetwear,Balanced,6242,62992807.01,53882102.95470188,9110704.05529812
2018,6,Jun,Streetwear,Everyday,17355,99890393.94,86589645.05708578,13300748.882914215
2018,6,Jun,Streetwear,Performance,9569,50107575.52,44880176.07666947,5227399.443330534
2018,6,Jun,Streetwear,Standard,995,4199308.25,3510960.5336964293,688347.7163035707
2018,7,Jul,Casual,Activewear,194,823008.9400000001,735122.046708,87886.89329200005
2018,7,Jul,Casual,All-weather,1884,6032493.04,6532825.347168925,-500332.3071689252
2018,7,Jul,GenZ,Trendy,3016,5888775.06,6091228.139996752,-202453.07999675255
2018,7,Jul,Outdoor,Activewear,5243,8419355.03,8096577.572269515,322777.4577304842
2018,7,Jul,Outdoor,Premium,519,1547393.53,1664026.5739191477,-116633.04391914769
2018,7,Jul,Streetwear,Balanced,5093,45632165.29,44901070.79385967,731094.496140331
2018,7,Jul,Streetwear,Everyday,11832,62374000.33,62487294.24105435,-113293.91105435044
2018,7,Jul,Streetwear,Performance,6580,29307380.23,30108369.658083916,-800989.4280839153
2018,7,Jul,Streetwear,Standard,656,2531190.88,2390227.2727313736,140963.60726862634
2018,8,Aug,Casual,Activewear,135,722583.64,592727.3779661655,129856.26203383447
2018,8,Aug,Casual,All-weather,1346,5947380.07,5092121.274576422,855258.7954235785
2018,8,Aug,GenZ,Trendy,2729,7195723.74,5608244.725309364,1587479.0146906367
2018,8,Aug,Outdoor,Activewear,5819,13074786.63,10018128.9813319,3056657.648668101
2018,8,Aug,Outdoor,Premium,719,2991849.53,2615366.8097375315,376482.7202624683
2018,8,Aug,Streetwear,Balanced,5512,63284942.31,49841200.39774908,13443741.912250921
2018,8,Aug,Streetwear,Everyday,9618,67520508.99,53339978.6633091,14180530.326690897
2018,8,Aug,Streetwear,Performance,5026,30661244.48,24679649.225962374,5981595.254037626
2018,8,Aug,Streetwear,Standard,491,2695816.04,2049485.0618587928,646330.9781412072
2018,9,Sep,Casual,Activewear,161,716027.3,688828.9459128535,27198.35408714658
2018,9,Sep,Casual,All-weather,871,3439178.94,3450780.6190269426,-11601.6790269427
2018,9,Sep,GenZ,Trendy,1266,2623877.33,2283618.3720239657,340258.9579760344
2018,9,Sep,Outdoor,Activewear,4425,8590137.16,8032369.982519738,557767.1774802618
2018,9,Sep,Outdoor,Premium,590,1955938.02,2052326.5078415135,-96388.48784151347
2018,9,Sep,Streetwear,Balanced,4117,41192585.43,39461393.73854524,1731191.6914547607
2018,9,Sep,Streetwear,Everyday,5043,30730594.99,29911308.238427557,819286.7515724413
2018,9,Sep,Streetwear,Performance,3147,16008618.72,15790540.198365174,218078.52163482644
2018,9,Sep,Streetwear,Standard,379,1737343.72,1593613.5535467416,143730.16645325837
2018,10,Oct,Casual,Activewear,134,733279.2,568070.0348335797,165209.16516642028
2018,10,Oct,Casual,All-weather,598,2835839.36,2375152.068470852,460687.2915291479
2018,10,Oct,GenZ,Trendy,1185,2890581.33,2144538.8979809475,746042.4320190526
2018,10,Oct,Outdoor,Activewear,3710,9858281.93,7548058.766679595,2310223.1633204045
2018,10,Oct,Outdoor,Premium,632,2480664.2600000002,2116886.8655030616,363777.3944969387
2018,10,Oct,Streetwear,Balanced,3272,38946765.98,30853151.72518575,8093614.2548142485
2018,10,Oct,Streetwear,Everyday,3718,28346741.61,22782980.56260664,5563761.047393359
2018,10,Oct,Streetwear,Performance,2067,12599725.22,10345874.714234604,2253850.505765397
2018,10,Oct,Streetwear,Standard,271,1543986.03,1162688.37975055,381297.65024945
2018,11,Nov,Casual,Activewear,41,147196.13,173852.69495250954,-26656.564952509536
2018,11,Nov,Casual,All-weather,584,2412919.67,2410461.2581897355,2458.411810264457
2018,11,Nov,GenZ,Trendy,720,1494273.7,1279666.0689107392,214607.6310892608
2018,11,Nov,Outdoor,Activewear,4539,9044761.45,8222320.786908231,822440.6630917685
2018,11,Nov,Outdoor,Premium,695,2238255.39,2174769.5211793543,63485.86882064585
2018,11,Nov,Streetwear,Balanced,2318,24637188.27,21852992.76376561,2784195.506234389
2018,11,Nov,Streetwear,Everyday,2257,14783552.67,13744192.861631364,1039359.8083686363
2018,11,Nov,Streetwear,Performance,1443,7753090.15,7121782.059960929,631308.0900390716
2018,11,Nov,Streetwear,Standard,176,965985.5,839958.5490561025,126026.95094389748
2018,12,Dec,Casual,Activewear,36,132030.52,162373.06452771975,-30342.544527719758
2018,12,Dec,Casual,All-weather,512,1590664.33,2074698.9449640792,-484034.6149640791
2018,12,Dec,GenZ,Trendy,818,1342566.19,1489353.5117944602,-146787.3217944603
2018,12,Dec,Outdoor,Activewear,9229,10892084.67,12915601.611674236,-2023516.9416742362
2018,12,Dec,Outdoor,Premium,942,2253718.12,2907452.28119813,-653734.1611981299
2018,12,Dec,Streetwear,Balanced,1967,15317171.86,17969127.895635027,-2651956.035635028
2018,12,Dec,Streetwear,Everyday,2204,11543310.89,14592966.08852812,-3049655.1985281203
2018,12,Dec,Streetwear,Performance,1358,5404913.24,6942764.279039581,-1537851.039039581
2018,12,Dec,Streetwear,Standard,185,676504.9299999999,832622.6591594305,-156117.7291594306
2019,1,Jan,Casual,Activewear,100,579474.33,406580.6415594268,172893.68844057317
2019,1,Jan,Casual,All-weather,476,2321023.83,2038294.0184594977,282729.81154050236
2019,1,Jan,GenZ,Trendy,444,952767.4,774085.5737226964,178681.82627730363
2019,1,Jan,Outdoor,Activewear,3830,9165718.02,7432814.205702177,1732903.8142978223
2019,1,Jan,Outdoor,Premium,537,2112080.59,1796872.9113227697,315207.67867723014
2019,1,Jan,Streetwear,Balanced,2361,27589966.12,22019097.226396836,5570868.893603165
2019,1,Jan,Streetwear,Everyday,2799,22015260.7,17764425.126115423,4250835.573884577
2019,1,Jan,Streetwear,Performance,1146,6889258.38,5622997.018828835,1266261.3611711645
2019,1,Jan,Streetwear,Standard,147,861729.67,678824.0608612952,182905.60913870484
2019,2,Feb,Casual,Activewear,31,171363.61,140990.09322955413,30373.516770445858
2019,2,Feb,Casual,All-weather,532,2293043.89,1940858.693003672,352185.1969963282
2019,2,Feb,GenZ,Trendy,526,1144633.1,879383.3369339451,265249.763066055
2019,2,Feb,Outdoor,Activewear,3964,7485383.47,7908539.117831199,-423155.6478311997
2019,2,Feb,Outdoor,Premium,776,2162280.5,2451616.017071805,-289335.51707180496
2019,2,Feb,Streetwear,Balanced,2501,29690328.4,23109319.667990316,6581008.732009683
2019,2,Feb,Streetwear,Everyday,3623,27844372.73,22094668.65946038,5749704.07053962
2019,2,Feb,Streetwear,Performance,1954,11829510.41,9897466.050464503,1932044.3595354967
2019,2,Feb,Streetwear,Standard,147,764622.01,619609.5203073178,145012.48969268217
2019,3,Mar,Casual,Activewear,109,588407.95,468059.19133872614,120348.75866127381
2019,3,Mar,Casual,All-weather,924,3772746.5,3651961.1515712077,120785.34842879232
2019,3,Mar,GenZ,Trendy,1005,2036796.92,1759785.6085008618,277011.31149913813
2019,3,Mar,Outdoor,Activewear,3880,10163723.01,9287302.598278457,876420.4117215425
2019,3,Mar,Outdoor,Premium,902,2961596.98,2888192.889481265,73404.09051873488
2019,3,Mar,Streetwear,Balanced,3835,40662730.38,36496691.44029173,4166038.93970827
2019,3,Mar,Streetwear,Everyday,5342,35333904.35,31988028.513852645,3345875.836147357
2019,3,Mar,Streetwear,Performance,3229,16698389.29,16157410.633504989,540978.6564950105
2019,3,Mar,Streetwear,Standard,230,1198180.77,1101762.9511412412,96417.81885875878
2019,4,Apr,Casual,Activewear,138,685802.35,512375.8766815032,173426.47331849678
2019,4,Apr,Casual,All-weather,1157,5118037.79,4787228.274621543,330809.5153784575
2019,4,Apr,GenZ,Trendy,1004,2224267.4,1876126.274894502,348141.1251054979
2019,4,Apr,Outdoor,Activewear,4428,11451195.34,10080581.973953594,1370613.3660464063
2019,4,Apr,Outdoor,Premium,794,2796473.24,2704709.7776956465,91763.46230435371
2019,4,Apr,Streetwear,Balanced,4651,49711923.91,43084528.28470145,6627395.625298545
2019,4,Apr,Streetwear,Everyday,5674,36796578.65,32700408.026649978,4096170.6233500205
2019,4,Apr,Streetwear,Performance,3307,17647423.91,16516765.241337365,1130658.6686626356
2019,4,Apr,Streetwear,Standard,468,2366716.82,2163583.049915189,203133.7700848109
2019,5,May,Casual,Activewear,87,482110.45,345746.3710912739,136364.0789087261
2019,5,May,Casual,All-weather,1030,4494196.24,3720070.7410562555,774125.4989437447
2019,5,May,GenZ,Trendy,1398,3529056.5100000002,2694850.4028936527,834206.1071063476
2019,5,May,Outdoor,Activewear,4970,13355509.19,10423433.531085417,2932075.658914583
2019,5,May,Outdoor,Premium,738,2739084.66,2288669.5285242284,450415.1314757718
2019,5,May,Streetwear,Balanced,4364,52030799.98,40363938.766939856,11666861.21306014
2019,5,May,Streetwear,Everyday,5974,43895732.91,35087766.7141027,8807966.195897296
2019,5,May,Streetwear,Performance,3725,21474385.93,17900342.179795865,3574043.7502041347
2019,5,May,Streetwear,Standard,435,2442272.19,1968357.5307358603,473914.6592641396
2019,6,Jun,Casual,Activewear,98,477467.74,394666.3202901019,82801.41970989807
2019,6,Jun,Casual,All-weather,997,3765205.13,3482118.365583593,283086.76441640686
2019,6,Jun,GenZ,Trendy,1400,3048017.28,2480291.278008036,567726.001991964
2019,6,Jun,Outdoor,Activewear,5134,11128723.22,9487040.622282017,1641682.5977179836
2019,6,Jun,Outdoor,Premium,785,2701708.82,2581371.6166969044,120337.20330309542
2019,6,Jun,Streetwear,Balanced,4497,49055292.07,41536689.894328095,7518602.175671905
2019,6,Jun,Streetwear,Everyday,6006,38942938.59,34005686.981629275,4937251.608370729
2019,6,Jun,Streetwear,Performance,3820,20542637.65,18940708.486444447,1601929.1635555513
2019,6,Jun,Streetwear,Standard,511,2524537.41,2364990.9740302814,159546.43596971873
2019,7,Jul,Casual,Activewear,115,495250.67000000004,469606.34928966884,25644.3207103312
2019,7,Jul,Casual,All-weather,878,3316865.02,3613890.035173638,-297025.0151736378
2019,7,Jul,GenZ,Trendy,1235,2177305.31,2136640.4032723005,40664.90672769956
2019,7,Jul,Outdoor,Activewear,3793,7328899.38,7198397.77502752,130501.60497247986
2019,7,Jul,Outdoor,Premium,564,1678889.22,1866895.7467688704,-188006.52676887042
2019,7,Jul,Streetwear,Balanced,3719,33338616.67,34549073.02289044,-1210456.3528904393
2019,7,Jul,Streetwear,Everyday,4631,25656830.28,26680171.715540893,-1023341.4355408922
2019,7,Jul,Streetwear,Performance,2899,13060330.37,13679346.02250859,-619015.6525085904
2019,7,Jul,Streetwear,Standard,362,1492363.55,1619870.8523205407,-127507.30232054065
2019,8,Aug,Casual,Activewear,81,450680.55,353270.586154879,97409.96384512098
2019,8,Aug,Casual,All-weather,843,3797483.89,3268183.31822669,529300.5717733102
2019,8,Aug,GenZ,Trendy,1563,3589170.87,2700688.925204666,888481.9447953342
2019,8,Aug,Outdoor,Activewear,4399,11187836.58,8554620.218068648,2633216.361931352
2019,8,Aug,Outdoor,Premium,631,2432702.08,2058827.9010930029,373874.1789069972
2019,8,Aug,Streetwear,Balanced,4546,28229010.59,42853374.3475157,-14624363.757515702
2019,8,Aug,Streetwear,Everyday,5492,20632101.12,32385668.227051083,-11753567.107051082
2019,8,Aug,Streetwear,Performance,2991,9072406.69,15146777.16054378,-6074370.470543781
2019,8,Aug,Streetwear,Standard,462,1321044.73,2074528.197444865,-753483.467444865
2019,9,Sep,Casual,Activewear,58,276618.2,267071.82132382167,9546.378676178341
2019,9,Sep,Casual,All-weather,705,2661287.61,2677227.971737555,-15940.361737555359
2019,9,Sep,GenZ,Trendy,1240,2407332.58,2204935.5738295894,202397.00617041066
2019,9,Sep,Outdoor,Activewear,3347,6975815.55,6591334.357500174,384481.19249982573
2019,9,Sep,Outdoor,Premium,523,1736245.79,1673715.6190184483,62530.17098155175
2019,9,Sep,Streetwear,Balanced,2914,28254299.31,27423620.099319592,830679.2106804065
2019,9,Sep,Streetwear,Everyday,3391,20960540.84,21015792.325146116,-55251.485146116465
2019,9,Sep,Streetwear,Performance,2173,11092425.33,12011688.105247177,-919262.7752471771
2019,9,Sep,Streetwear,Standard,267,1175991.1099999999,1198619.2781495173,-22628.168149517383
2019,10,Oct,Casual,Activewear,47,277058.79000000004,209068.28109607645,67990.50890392359
2019,10,Oct,Casual,All-weather,611,2909658.63,2486083.9032869646,423574.72671303526
2019,10,Oct,GenZ,Trendy,740,1576493.08,1220847.838644519,355645.2413554811
2019,10,Oct,Outdoor,Activewear,2971,8150477.46,6401864.8704116335,1748612.5895883664
2019,10,Oct,Outdoor,Premium,494,1880483.63,1605686.5677850395,274797.06221496034
2019,10,Oct,Streetwear,Balanced,2009,24772359.83,19122016.207862746,5650343.622137252
2019,10,Oct,Streetwear,Everyday,2377,18280893.24,14710738.557196384,3570154.682803614
2019,10,Oct,Streetwear,Performance,1979,13037775.32,11280399.220834682,1757376.0991653185
2019,10,Oct,Streetwear,Standard,165,938976.35,751578.2945907334,187398.0554092666
2019,11,Nov,Casual,Activewear,43,243586.83000000002,183975.45291126115,59611.37708873887
2019,11,Nov,Casual,All-weather,330,1289521.3800000001,1266749.9932813523,22771.386718647787
2019,11,Nov,GenZ,Trendy,578,1129791.86,993251.8246823865,136540.03531761363
2019,11,Nov,Outdoor,Activewear,3230,5999947.69,5463665.167565793,536282.5224342076
2019,11,Nov,Outdoor,Premium,565,1956863.39,1969896.7825929474,-13033.392592947464
2019,11,Nov,Streetwear,Balanced,1745,19253548.8,16868935.081823394,2384613.718176607
2019,11,Nov,Streetwear,Everyday,1764,11910266.92,11214991.625466386,695275.2945336141
2019,11,Nov,Streetwear,Performance,1484,8700609.0,8689552.8726503,11056.127349700779
2019,11,Nov,Streetwear,Standard,187,937406.14,849175.4255146766,88230.7144853234
2019,12,Dec,Casual,Activewear,36,132271.80000000002,131246.55154800002,1025.2484519999998
2019,12,Dec,Casual,All-weather,348,1084371.04,1446370.9672509371,-361999.9272509371
2019,12,Dec,GenZ,Trendy,618,817734.55,1015477.4133001405,-197742.86330014048
2019,12,Dec,Outdoor,Activewear,8479,9107833.31,10968505.868861225,-1860672.558861224
2019,12,Dec,Outdoor,Premium,866,2120798.06,2762755.4559695646,-641957.3959695646
2019,12,Dec,Streetwear,Balanced,1528,12574239.45,15314537.38263071,-2740297.9326307103
2019,12,Dec,Streetwear,Everyday,1531,8137348.91,9963314.034494577,-1825965.1244945768
2019,12,Dec,Streetwear,Performance,1008,4284399.08,5464942.48769359,-1180543.40769359
2019,12,Dec,Streetwear,Standard,158,569134.0700000001,704735.7018843192,-135601.63188431913
2020,1,Jan,Casual,Activewear,53,312767.17,254098.7679008408,58668.4020991592
2020,1,Jan,Casual,All-weather,312,1271527.4,1141198.8077084348,130328.59229156515
2020,1,Jan,GenZ,Trendy,300,545712.43,453677.40549854847,92035.02450145158
2020,1,Jan,Outdoor,Activewear,2576,7085460.05,5485882.5512835225,1599577.4987164773
2020,1,Jan,Outdoor,Premium,377,1478810.59,1256112.5812080912,222698.00879190885
2020,1,Jan,Streetwear,Balanced,1592,20217938.75,15790388.505975502,4427550.244024498
2020,1,Jan,Streetwear,Everyday,1385,10969135.72,8949083.535464182,2020052.1845358182
2020,1,Jan,Streetwear,Performance,824,5089326.99,4278422.273449076,810904.7165509239
2020,1,Jan,Streetwear,Standard,87,454211.54,381048.40575241274,73163.13424758724
2020,2,Feb,Casual,Activewear,17,102430.95,83236.3195723567,19194.630427643293
2020,2,Feb,Casual,All-weather,339,1739701.71,1483471.4027485678,256230.3072514322
2020,2,Feb,GenZ,Trendy,457,992336.41,773367.4065934407,218969.00340655935
2020,2,Feb,Outdoor,Activewear,2221,6797080.27,5146830.84533416,1650249.4246658394
2020,2,Feb,Outdoor,Premium,630,2408990.96,1987254.6161428737,421736.3438571263
2020,2,Feb,Streetwear,Balanced,2006,26289163.67,20815229.993005905,5473933.6769940965
2020,2,Feb,Streetwear,Everyday,1941,15965057.82,12779290.778169643,3185767.041830357
2020,2,Feb,Streetwear,Performance,1133,7594459.86,6284752.34033339,1309707.5196666103
2020,2,Feb,Streetwear,Standard,99,559466.71,465957.833855007,93508.87614499294
2020,3,Mar,Casual,Activewear,50,275355.78,221567.05862850955,53788.72137149048
2020,3,Mar,Casual,All-weather,921,3807952.18,3909902.0360354683,-101949.85603546817
2020,3,Mar,GenZ,Trendy,634,1279739.24,1158016.2707627795,121722.96923722047
2020,3,Mar,Outdoor,Activewear,3839,9673489.42,8366644.642899466,1306844.7771005342
2020,3,Mar,Outdoor,Premium,1009,3605510.07,3532218.2228197614,73291.84718023846
2020,3,Mar,Streetwear,Balanced,3673,39583192.33,35210210.066718675,4372982.263281323
2020,3,Mar,Streetwear,Everyday,4560,30463423.66,28079122.056173924,2384301.603826076
2020,3,Mar,Streetwear,Performance,2665,14428764.27,13525235.096117608,903529.1738823913
2020,3,Mar,Streetwear,Standard,306,1402387.46,1386737.946207039,15649.513792960905
2020,4,Apr,Casual,Activewear,75,409635.88,339351.5323478981,70284.34765210189
2020,4,Apr,Casual,All-weather,1041,4233394.42,3957921.1615607687,275473.2584392312
2020,4,Apr,GenZ,Trendy,1127,2122132.03,1906013.9908069456,216118.0391930542
2020,4,Apr,Outdoor,Activewear,4540,10767682.16,9442284.51354771,1325397.646452291
2020,4,Apr,Outdoor,Premium,1031,3460858.06,3272821.501737487,188036.55826251302
2020,4,Apr,Streetwear,Balanced,4794,53267104.99,45938927.1965724,7328177.793427601
2020,4,Apr,Streetwear,Everyday,5803,37636215.8,34208628.128938235,3427587.6710617617
2020,4,Apr,Streetwear,Performance,3440,18351933.39,16854542.912233822,1497390.4777661785
2020,4,Apr,Streetwear,Standard,418,2043865.04,1870710.3871972011,173154.6528027989
2020,5,May,Casual,Activewear,63,371947.75,327570.4198949045,44377.33010509552
2020,5,May,Casual,All-weather,808,3741579.67,3097463.834161079,644115.8358389209
2020,5,May,GenZ,Trendy,1181,2634307.1,2006325.2639504545,627981.8360495456
2020,5,May,Outdoor,Activewear,4151,10365421.65,8131119.994300475,2234301.655699525
2020,5,May,Outdoor,Premium,1139,4485454.55,3777915.8699626275,707538.6800373723
2020,5,May,Streetwear,Balanced,4382,55848518.11,43689755.17155975,12158762.938440248
2020,5,May,Streetwear,Everyday,5075,36419011.06,28905980.435917955,7513030.6240820475
2020,5,May,Streetwear,Performance,2824,16827705.94,13928409.764643619,2899296.1753563825
2020,5,May,Streetwear,Standard,397,2129821.95,1704731.9021537574,425090.0478462428
2020,6,Jun,Casual,Activewear,85,455197.97,366406.6726702548,88791.2973297452
2020,6,Jun,Casual,All-weather,843,3664871.11,3414814.02515354,250057.0848464598
2020,6,Jun,GenZ,Trendy,1383,2761938.54,2297444.3491596966,464494.19084030343
2020,6,Jun,Outdoor,Activewear,2989,6418528.09,5302245.394669835,1116282.6953301644
2020,6,Jun,Outdoor,Premium,591,2138048.63,1905923.7772564993,232124.8527435006
2020,6,Jun,Streetwear,Balanced,3868,44599412.31,37748141.45835245,6851270.851647556
2020,6,Jun,Streetwear,Everyday,4556,30484855.99,27296816.412341587,3188039.577658411
2020,6,Jun,Streetwear,Performance,2589,14201736.59,12880814.460501185,1320922.1294988152
2020,6,Jun,Streetwear,Standard,283,1410669.08,1304904.2581176257,105764.82188237435
2020,7,Jul,Casual,Activewear,88,389714.27,398114.82862440764,-8400.558624407626
2020,7,Jul,Casual,All-weather,802,3045683.03,3097633.8508874937,-51950.8208874939
2020,7,Jul,GenZ,Trendy,1313,2271684.33,2276045.940298582,-4361.610298581887
2020,7,Jul,Outdoor,Activewear,2433,4833821.05,4667018.890784168,166802.15921583213
2020,7,Jul,Outdoor,Premium,586,1861962.95,1863731.4195879009,-1768.4695879009087
2020,7,Jul,Streetwear,Balanced,3298,32188725.61,31535792.61232835,652932.9976716489
2020,7,Jul,Streetwear,Everyday,4258,24318035.14,24693171.78397468,-375136.64397468045
2020,7,Jul,Streetwear,Performance,2332,10802805.77,11100077.753777774,-297271.9837777745
2020,7,Jul,Streetwear,Standard,412,1741847.56,1682053.6673393718,59793.892660628306
2020,8,Aug,Casual,Activewear,79,457841.36,372918.6699936306,84922.69000636938
2020,8,Aug,Casual,All-weather,874,3820679.52,3199067.9132219115,621611.6067780885
2020,8,Aug,GenZ,Trendy,1411,3034579.95,2386193.471265442,648386.478734558
2020,8,Aug,Outdoor,Activewear,2757,7308694.95,5881005.418579979,1427689.5314200213
2020,8,Aug,Outdoor,Premium,741,2774167.47,2333515.6884376793,440651.7815623209
2020,8,Aug,Streetwear,Balanced,4486,57893480.88,46305806.98641829,11587673.89358171
2020,8,Aug,Streetwear,Everyday,4258,30601000.67,24394510.397872213,6206490.2721277885
2020,8,Aug,Streetwear,Performance,2396,13893610.9,11472663.775135215,2420947.124864785
2020,8,Aug,Streetwear,Standard,400,2122719.81,1695655.7144603305,427064.0955396695
2020,9,Sep,Casual,Activewear,55,258611.07,249200.95458554142,9410.115414458589
2020,9,Sep,Casual,All-weather,541,1996822.1,2025566.2519321672,-28744.151932167122
2020,9,Sep,GenZ,Trendy,1000,1885415.94,1747317.014128141,138098.92587185884
2020,9,Sep,Outdoor,Activewear,2075,4337266.55,4049824.9808126786,287441.56918732123
2020,9,Sep,Outdoor,Premium,469,1602100.07,1583777.2939931313,18322.776006868808
2020,9,Sep,Streetwear,Balanced,3228,35286985.0,34687287.23458598,599697.7654140219
2020,9,Sep,Streetwear,Everyday,3005,17580188.9,17111087.71550243,469101.18449756876
2020,9,Sep,Streetwear,Performance,1413,7188420.97,7184605.279402959,3815.6905970405787
2020,9,Sep,Streetwear,Standard,314,1408603.47,1398894.866368883,9708.603631116915
2020,10,Oct,Casual,Activewear,22,130053.63,111829.19099113377,18224.439008866233
2020,10,Oct,Casual,All-weather,386,1908361.27,1600989.5587310384,307371.71126896166
2020,10,Oct,GenZ,Trendy,676,1604466.19,1259933.4619275413,344532.72807245865
2020,10,Oct,Outdoor,Activewear,1979,5564714.92,4211666.301162937,1353048.6188370632
2020,10,Oct,Outdoor,Premium,628,2552752.13,2109629.2906709034,443122.8393290965
2020,10,Oct,Streetwear,Balanced,2488,32488993.35,25831846.201594368,6657147.148405634
2020,10,Oct,Streetwear,Everyday,2309,16844839.33,13513590.398915228,3331248.9310847707
2020,10,Oct,Streetwear,Performance,949,5915311.99,4949512.877382467,965799.1126175337
2020,10,Oct,Streetwear,Standard,171,987226.1,809529.1671547542,177696.9328452458
2020,11,Nov,Casual,Activewear,60,254319.26,312212.3432239491,-57893.08322394907
2020,11,Nov,Casual,All-weather,305,1308880.08,1266788.3018866966,42091.77811330347
2020,11,Nov,GenZ,Trendy,481,919849.22,807557.9452953766,112291.27470462339
2020,11,Nov,Outdoor,Activewear,2084,4464220.0,4220694.131410238,243525.86858976167
2020,11,Nov,Outdoor,Premium,678,2359289.15,2229306.970574164,129982.17942583608
2020,11,Nov,Streetwear,Balanced,1664,19470227.53,18178483.643896528,1291743.8861034736
2020,11,Nov,Streetwear,Everyday,1385,8983259.65,8215358.247627743,767901.4023722578
2020,11,Nov,Streetwear,Performance,780,3984310.38,3980865.5289599504,3444.851040049456
2020,11,Nov,Streetwear,Standard,169,862976.99,769478.3527321442,93498.63726785581
2020,12,Dec,Casual,Activewear,16,60332.600000000006,81675.72459859872,-21343.12459859872
2020,12,Dec,Casual,All-weather,358,1025279.92,1335780.1166573449,-310500.1966573448
2020,12,Dec,GenZ,Trendy,675,918816.72,1083730.4393731924,-164913.7193731924
2020,12,Dec,Outdoor,Activewear,5424,6807363.98,8048222.341806979,-1240858.3618069785
2020,12,Dec,Outdoor,Premium,788,1872684.3800000001,2357554.322047677,-484869.94204767677
2020,12,Dec,Streetwear,Balanced,1599,13956362.09,17450965.173266627,-3494603.083266627
2020,12,Dec,Streetwear,Everyday,1275,6178415.24,7676559.1195121,-1498143.8795120995
2020,12,Dec,Streetwear,Performance,853,3537376.9,4460936.522258107,-923559.6222581067
2020,12,Dec,Streetwear,Standard,172,597142.82,740918.9464012282,-143776.12640122825
2021,1,Jan,Casual,Activewear,27,152516.34999999998,96126.22126800001,56390.12873199997
2021,1,Jan,Casual,All-weather,377,1830945.93,1531946.5351821166,298999.3948178834
2021,1,Jan,GenZ,Trendy,283,621865.35,489668.5141329049,132196.8358670951
2021,1,Jan,Outdoor,Activewear,1825,5639811.41,4415448.114583073,1224363.295416927
2021,1,Jan,Outdoor,Premium,411,1606410.78,1348360.7430285085,258050.03697149153
2021,1,Jan,Streetwear,Balanced,1624,21737631.34,17412498.07342592,4325133.266574081
2021,1,Jan,Streetwear,Everyday,1268,9807018.97,7897713.538009669,1909305.431990332
2021,1,Jan,Streetwear,Performance,660,4165981.0,3428278.5944014755,737702.4055985245
2021,1,Jan,Streetwear,Standard,102,625890.52,486400.62675866357,139489.89324133645
2021,2,Feb,Casual,Activewear,23,135005.35,104833.72679228027,30171.623207719735
2021,2,Feb,Casual,All-weather,513,2371884.94,1970515.7745357505,401369.16546424944
2021,2,Feb,GenZ,Trendy,517,1263658.19,962367.7259314543,301290.4640685456
2021,2,Feb,Outdoor,Activewear,2047,4465659.55,4659438.0711227795,-193778.5211227797
2021,2,Feb,Outdoor,Premium,540,1573152.81,1818055.7856046234,-244902.97560462332
2021,2,Feb,Streetwear,Balanced,2283,30571516.79,24044502.482559,6527014.307441
2021,2,Feb,Streetwear,Everyday,2278,17028692.17,13681134.396425717,3347557.773574285
2021,2,Feb,Streetwear,Performance,1109,6441524.94,5307689.712975486,1133835.2270245142
2021,2,Feb,Streetwear,Standard,206,1195169.17,1009100.6084185663,186068.56158143363
2021,3,Mar,Casual,Activewear,97,493249.81999999995,452487.3719201656,40762.44807983434
2021,3,Mar,Casual,All-weather,1114,4067903.33,3771843.0534215923,296060.27657840773
2021,3,Mar,GenZ,Trendy,1420,2794118.18,2567198.988239493,226919.19176050695
2021,3,Mar,Outdoor,Activewear,4034,10312700.53,9055394.757635023,1257305.772364976
2021,3,Mar,Outdoor,Premium,951,3287055.52,3236417.106091453,50638.41390854679
2021,3,Mar,Streetwear,Balanced,3798,42630331.55,39287815.43131523,3342516.1186847687
2021,3,Mar,Streetwear,Everyday,4179,25555719.48,22893521.700282726,2662197.779717274
2021,3,Mar,Streetwear,Performance,3155,15120188.11,14013992.963871786,1106195.146128213
2021,3,Mar,Streetwear,Standard,438,2016968.6099999999,1949240.6504928705,67727.95950712939
2021,4,Apr,Casual,Activewear,54,277613.64,269235.29359777074,8378.346402229276
2021,4,Apr,Casual,All-weather,1216,4809072.35,4547963.401934038,261108.9480659617
2021,4,Apr,GenZ,Trendy,1607,3248156.48,2850516.6591594187,397639.8208405813
2021,4,Apr,Outdoor,Activewear,3547,8754286.93,7622799.074798167,1131487.855201833
2021,4,Apr,Outdoor,Premium,717,2474655.2600000002,2446785.990620491,27869.269379509147
2021,4,Apr,Streetwear,Balanced,4722,55779656.56,50374252.66048889,5405403.899511114
2021,4,Apr,Streetwear,Everyday,5168,33197724.98,29781457.588719267,3416267.391280733
2021,4,Apr,Streetwear,Performance,3123,15883426.01,14889063.389505243,994362.6204947568
2021,4,Apr,Streetwear,Standard,599,2956979.81,2736566.6457852316,220413.16421476845
2021,5,May,Casual,Activewear,94,553001.66,458222.2327684204,94779.42723157961
2021,5,May,Casual,All-weather,1191,5477785.47,4550572.893424688,927212.5765753118
2021,5,May,GenZ,Trendy,1549,3325287.65,2540096.483412299,785191.1665877011
2021,5,May,Outdoor,Activewear,3011,8292140.8,6442201.903169795,1849938.8968302049
2021,5,May,Outdoor,Premium,620,2451729.71,2129957.7925173733,321771.9174826266
2021,5,May,Streetwear,Balanced,4908,65056271.06,53091586.05881426,11964685.001185745
2021,5,May,Streetwear,Everyday,5325,38136605.85,30460714.11885785,7675891.731142152
2021,5,May,Streetwear,Performance,3023,16907869.47,14199536.521456802,2708332.9485431965
2021,5,May,Streetwear,Standard,502,2870003.2,2466636.670533803,403366.52946619736
2021,6,Jun,Casual,Activewear,37,196083.03,170303.14682896814,25779.883171031863
2021,6,Jun,Casual,All-weather,971,4402602.46,3970539.215776405,432063.24422359513
2021,6,Jun,GenZ,Trendy,1561,3104198.46,2671079.425569603,433119.03443039674
2021,6,Jun,Outdoor,Activewear,2441,6247446.91,5266195.069153524,981251.8408464761
2021,6,Jun,Outdoor,Premium,509,1905538.25,1724531.9182126715,181006.33178732847
2021,6,Jun,Streetwear,Balanced,4632,56704964.94,50253421.1583582,6451543.781641796
2021,6,Jun,Streetwear,Everyday,5166,35051371.97,29912737.388787556,5138634.581212442
2021,6,Jun,Streetwear,Performance,2682,14016609.63,12419033.093689475,1597576.5363105256
2021,6,Jun,Streetwear,Standard,405,2144634.64,1878586.34592852,266048.29407148017
2021,7,Jul,Casual,Activewear,21,83948.44,90433.09215424204,-6484.652154242038
2021,7,Jul,Casual,All-weather,748,3063740.61,3208539.1580100427,-144798.54801004287
2021,7,Jul,GenZ,Trendy,1383,2372710.36,2248108.483869807,124601.876130193
2021,7,Jul,Outdoor,Activewear,2060,4313003.87,4299417.359789299,13586.510210701264
2021,7,Jul,Outdoor,Premium,449,1444354.71,1512948.238060631,-68593.52806063113
2021,7,Jul,Streetwear,Balanced,4518,47804737.05,50149475.290848896,-2344738.240848899
2021,7,Jul,Streetwear,Everyday,3691,21036685.08,21336970.112023905,-300285.0320239067
2021,7,Jul,Streetwear,Performance,1998,9402730.23,9904479.075009102,-501748.84500910155
2021,7,Jul,Streetwear,Standard,371,1693766.62,1710237.1410693354,-16470.521069335286
2021,8,Aug,Casual,Activewear,48,284284.29,252244.32716178347,32039.96283821651
2021,8,Aug,Casual,All-weather,950,5320071.54,4031507.009821639,1288564.530178361
2021,8,Aug,GenZ,Trendy,1516,3261979.44,2555629.2908341065,706350.1491658934
2021,8,Aug,Outdoor,Activewear,2059,5278657.34,4093005.911536437,1185651.4284635629
2021,8,Aug,Outdoor,Premium,530,2156929.88,1882763.889090263,274165.99090973684
2021,8,Aug,Streetwear,Balanced,4528,31417172.18,51901090.46782852,-20483918.28782852
2021,8,Aug,Streetwear,Everyday,3407,13531326.83,20924062.678272758,-7392735.848272758
2021,8,Aug,Streetwear,Performance,1757,5251232.1,8128451.14170588,-2877219.0417058803
2021,8,Aug,Streetwear,Standard,386,1205827.01,1882161.4766042766,-676334.4666042766
2021,9,Sep,Casual,Activewear,29,147312.82,139937.6474967898,7375.172503210197
2021,9,Sep,Casual,All-weather,696,2971359.61,2948578.643071334,22780.966928665992
2021,9,Sep,GenZ,Trendy,976,1837885.77,1764881.690847255,73004.07915274496
2021,9,Sep,Outdoor,Activewear,2042,5063004.94,4705978.238183768,357026.7018162329
2021,9,Sep,Outdoor,Premium,319,1069849.06,1125272.0320614474,-55422.97206144733
2021,9,Sep,Streetwear,Balanced,3272,34198392.51,36943047.98690183,-2744655.4769018292
2021,9,Sep,Streetwear,Everyday,2679,16172900.36,16353983.488638373,-181083.1286383737
2021,9,Sep,Streetwear,Performance,1205,5135082.43,5586796.585039077,-451714.1550390776
2021,9,Sep,Streetwear,Standard,270,1256048.6,1325824.7776814806,-69776.17768148053
2021,10,Oct,Casual,Activewear,54,322488.9,207951.5548975414,114537.34510245861
2021,10,Oct,Casual,All-weather,467,2611375.66,2148892.7782310597,462482.8817689405
2021,10,Oct,GenZ,Trendy,642,1571078.84,1216835.2622161685,354243.5777838316
2021,10,Oct,Outdoor,Activewear,1922,5367738.46,4172811.6185056167,1194926.8414943833
2021,10,Oct,Outdoor,Premium,302,1160428.99,1041416.728066792,119012.26193320798
2021,10,Oct,Streetwear,Balanced,2308,31333406.79,27084894.518048357,4248512.271951642
2021,10,Oct,Streetwear,Everyday,2002,15672544.35,13027450.162698781,2645094.1873012185
2021,10,Oct,Streetwear,Performance,994,6024389.23,5098735.081401875,925654.1485981252
2021,10,Oct,Streetwear,Standard,190,1198170.3,995113.7384471928,203056.56155280722
2021,11,Nov,Casual,Activewear,99,510219.47000000003,396651.959172,113567.51082800003
2021,11,Nov,Casual,All-weather,335,1619484.85,1505021.5924015688,114463.25759843132
2021,11,Nov,GenZ,Trendy,440,991332.18,905404.49807287,85927.68192713009
2021,11,Nov,Outdoor,Activewear,2283,5128008.6,4611886.257969876,516122.3420301238
2021,11,Nov,Outdoor,Premium,529,1871899.82,1944902.2253628045,-73002.40536280442
2021,11,Nov,Streetwear,Balanced,1922,22071419.580000002,22220838.92913085,-149419.34913084656
2021,11,Nov,Streetwear,Everyday,1496,11229996.959999999,10457575.309262214,772421.6507377848
2021,11,Nov,Streetwear,Performance,611,2953431.4,2992221.244532938,-38789.84453293821
2021,11,Nov,Streetwear,Standard,133,713692.52,631202.6544313375,82489.86556866253
2021,12,Dec,Casual,Activewear,93,356817.66000000003,363179.820213,-6362.1602129999665
2021,12,Dec,Casual,All-weather,429,1323886.14,1698809.5953114722,-374923.4553114723
2021,12,Dec,GenZ,Trendy,689,1004457.35,1183479.0531790827,-179021.70317908272
2021,12,Dec,Outdoor,Activewear,5335,6984688.7299999995,8336579.979218085,-1351891.2492180858
2021,12,Dec,Outdoor,Premium,523,1333471.33,1771863.0687393297,-438391.7387393296
2021,12,Dec,Streetwear,Balanced,2127,18858986.93,24679829.02924726,-5820842.099247262
2021,12,Dec,Streetwear,Everyday,1224,6399184.05,8216288.562520001,-1817104.5125200013
2021,12,Dec,Streetwear,Performance,858,3452779.65,4358189.714080005,-905410.064080005
2021,12,Dec,Streetwear,Standard,169,635513.43,839686.58212145,-204173.15212144994
2022,1,Jan,Casual,Activewear,149,875198.04,613667.230974,261530.8090260001
2022,1,Jan,Casual,All-weather,471,2325511.6,1997585.079744789,327926.52025521104
2022,1,Jan,GenZ,Trendy,499,1053268.93,803450.6595970598,249818.2704029401
2022,1,Jan,Outdoor,Activewear,2020,5345087.55,4295553.666350707,1049533.8836492924
2022,1,Jan,Outdoor,Premium,669,2613399.03,2359172.532364154,254226.49763584603
2022,1,Jan,Streetwear,Balanced,2258,29526320.26,26479653.437535144,3046666.8224648573
2022,1,Jan,Streetwear,Everyday,1321,10720333.42,8954166.103488525,1766167.3165114745
2022,1,Jan,Streetwear,Performance,871,5513413.29,4662981.267958071,850432.022041929
2022,1,Jan,Streetwear,Standard,139,758813.77,685229.6415459772,73584.12845402281
2022,2,Feb,Casual,Activewear,104,618260.79,436757.71652501274,181503.0734749873
2022,2,Feb,Casual,All-weather,632,3275385.97,2719358.408481967,556027.561518033
2022,2,Feb,GenZ,Trendy,594,1358218.48,1030697.2024356427,327521.27756435727
2022,2,Feb,Outdoor,Activewear,2125,6380244.54,4887602.84088247,1492641.6991175301
2022,2,Feb,Outdoor,Premium,447,1888029.71,1657374.56040232,230655.14959767996
2022,2,Feb,Streetwear,Balanced,2787,38750314.9,32742516.960359693,6007797.939640306
2022,2,Feb,Streetwear,Everyday,2103,16644956.54,13206997.863674404,3437958.676325595
2022,2,Feb,Streetwear,Performance,1505,9367618.85,7921245.081458433,1446373.768541567
2022,2,Feb,Streetwear,Standard,156,820065.72,683022.5296845734,137043.19031542656
2022,3,Mar,Casual,Activewear,107,603040.51,424309.395888,178731.11411199998
2022,3,Mar,Casual,All-weather,1318,5424714.84,5291473.425544707,133241.41445529275
2022,3,Mar,GenZ,Trendy,1355,2732053.35,2337483.4904140416,394569.85958595853
2022,3,Mar,Outdoor,Activewear,3300,8406699.47,7315153.370728472,1091546.0992715284
2022,3,Mar,Outdoor,Premium,831,3188582.51,3215171.2171787983,-26588.707178798504
2022,3,Mar,Streetwear,Balanced,5122,60550747.08,57944057.40961303,2606689.67038697
2022,3,Mar,Streetwear,Everyday,4527,30383003.6,27852034.48602802,2530969.113971982
2022,3,Mar,Streetwear,Performance,3128,16202826.04,15346387.309105841,856438.7308941577
2022,3,Mar,Streetwear,Standard,418,2100055.13,1940900.9205605865,159154.2094394134
2022,4,Apr,Casual,Activewear,270,1439957.79,1054395.042561,385562.74743900006
2022,4,Apr,Casual,All-weather,1285,5575698.1,5236524.523906525,339173.5760934744
2022,4,Apr,GenZ,Trendy,1938,3772022.75,3261625.5080238753,510397.2419761247
2022,4,Apr,Outdoor,Activewear,3593,8639770.33,7515662.235406034,1124108.0945939664
2022,4,Apr,Outdoor,Premium,678,2452585.75,2508949.7720830473,-56364.02208304731
2022,4,Apr,Streetwear,Balanced,5254,61706282.49,59417647.47329892,2288635.01670108
2022,4,Apr,Streetwear,Everyday,4651,30728716.51,27458205.058276184,3270511.4517238177
2022,4,Apr,Streetwear,Performance,3181,16572253.79,15742307.472350929,829946.3176490702
2022,4,Apr,Streetwear,Standard,499,2367207.28,2166312.874559977,200894.4054400227
2022,5,May,Casual,Activewear,82,491156.5,361842.99800136307,129313.50199863693
2022,5,May,Casual,All-weather,1114,5439763.59,4522875.204681579,916888.3853184208
2022,5,May,GenZ,Trendy,1608,3916786.69,2915081.7898298153,1001704.9001701847
2022,5,May,Outdoor,Activewear,2837,7565333.75,5909605.156856311,1655728.5931436894
2022,5,May,Outdoor,Premium,584,2336092.77,2070299.9530294996,265792.8169705004
2022,5,May,Streetwear,Balanced,4807,64659661.89,54553456.13593469,10106205.754065312
2022,5,May,Streetwear,Everyday,4332,32728731.26,25947472.626990486,6781258.633009516
2022,5,May,Streetwear,Performance,3170,19284177.71,15596193.043719154,3687984.666280847
2022,5,May,Streetwear,Standard,465,2606183.0,2074679.3451378408,531503.6548621592
2022,6,Jun,Casual,Activewear,109,639637.27,456255.035901,183382.234099
2022,6,Jun,Casual,All-weather,960,4792952.29,4379954.758578066,412997.53142193425
2022,6,Jun,GenZ,Trendy,1609,3215129.66,2593384.5742014586,621745.0857985415
2022,6,Jun,Outdoor,Activewear,2701,6308813.0,5292368.428080316,1016444.5719196843
2022,6,Jun,Outdoor,Premium,547,2017914.72,2007038.2765791165,10876.443420883501
2022,6,Jun,Streetwear,Balanced,5264,64642377.16,59859544.89613976,4782832.263860233
2022,6,Jun,Streetwear,Everyday,4130,29451006.23,25241895.762388386,4209110.467611615
2022,6,Jun,Streetwear,Performance,3087,16643119.99,15236975.787579592,1406144.202420408
2022,6,Jun,Streetwear,Standard,599,3045723.75,2643468.3783199135,402255.3716800865
2022,7,Jul,Casual,Activewear,29,157892.44,128449.016892,29443.423108000003
2022,7,Jul,Casual,All-weather,761,3350780.64,3634823.8588078166,-284043.2188078165
2022,7,Jul,GenZ,Trendy,1593,2761217.57,2563153.0486696716,198064.5213303282
2022,7,Jul,Outdoor,Activewear,2070,4268127.35,4165590.67492683,102536.67507316964
2022,7,Jul,Outdoor,Premium,451,1538955.13,1645449.3881563446,-106494.25815634476
2022,7,Jul,Streetwear,Balanced,4141,44159654.22,47414499.231031366,-3254845.011031367
2022,7,Jul,Streetwear,Everyday,3113,19146733.91,19160523.24309764,-13789.333097640425
2022,7,Jul,Streetwear,Performance,2177,10700993.32,11139290.623825766,-438297.30382576585
2022,7,Jul,Streetwear,Standard,378,1758363.98,1754149.6359405217,4214.344059478259
2022,8,Aug,Casual,Activewear,44,251634.56,169265.167407,82369.392593
2022,8,Aug,Casual,All-weather,906,5010482.9,4030058.3011230114,980424.598876989
2022,8,Aug,GenZ,Trendy,1839,3708324.53,2811487.857975474,896836.6720245257
2022,8,Aug,Outdoor,Activewear,2030,5260092.35,4080579.8260399713,1179512.5239600283
2022,8,Aug,Outdoor,Premium,774,3126649.82,2744861.6767812544,381788.1432187455
2022,8,Aug,Streetwear,Balanced,4460,58591712.69,50144637.497889034,8447075.192110963
2022,8,Aug,Streetwear,Everyday,2940,22617849.04,17787453.77831576,4830395.261684239
2022,8,Aug,Streetwear,Performance,2175,13193116.8,10815912.39099114,2377204.4090088606
2022,8,Aug,Streetwear,Standard,310,1776144.22,1449121.838507223,327022.381492777
2022,9,Sep,Casual,Activewear,17,81272.31,75670.27015826752,5602.039841732476
2022,9,Sep,Casual,All-weather,804,3643705.32,3537225.577234335,106479.74276566505
2022,9,Sep,GenZ,Trendy,1060,1894866.78,1729100.3831412413,165766.39685875876
2022,9,Sep,Outdoor,Activewear,1657,3775106.41,3456975.599458817,318130.8105411832
2022,9,Sep,Outdoor,Premium,875,3089353.55,3263723.8315746617,-174370.28157466184
2022,9,Sep,Streetwear,Balanced,3559,39716452.0,41346533.90394369,-1630081.9039436877
2022,9,Sep,Streetwear,Everyday,2729,17317172.71,16790981.370854855,526191.3391451463
2022,9,Sep,Streetwear,Performance,1428,7053177.38,6985554.339634773,67623.04036522657
2022,9,Sep,Streetwear,Standard,272,1245750.09,1209476.9825731958,36273.10742680426
2022,10,Oct,Casual,Activewear,18,108021.59999999999,90541.124352,17480.475647999992
2022,10,Oct,Casual,All-weather,665,3299541.15,2714910.263651346,584630.886348654
2022,10,Oct,GenZ,Trendy,666,1485664.33,1166499.9596801547,319164.3703198454
2022,10,Oct,Outdoor,Activewear,1524,3884684.96,3010320.8604851966,874364.0995148034
2022,10,Oct,Outdoor,Premium,906,3826697.82,3212843.554895678,613854.2651043218
2022,10,Oct,Streetwear,Balanced,2751,38791124.04,32604306.480007708,6186817.559992291
2022,10,Oct,Streetwear,Everyday,1975,15609428.51,12523653.576839956,3085774.9331600443
2022,10,Oct,Streetwear,Performance,1167,6983085.15,5728679.533441429,1254405.6165585713
2022,10,Oct,Streetwear,Standard,197,1148771.52,918138.4158263956,230633.1041736044
2022,11,Nov,Casual,Activewear,14,51234.25,55533.95127,-4299.701269999998
2022,11,Nov,Casual,All-weather,453,2083149.82,1934589.1247849208,148560.69521507923
2022,11,Nov,GenZ,Trendy,587,1320738.95,1178721.7738345235,142017.17616547644
2022,11,Nov,Outdoor,Activewear,1847,3358587.34,2998410.6593751432,360176.6806248566
2022,11,Nov,Outdoor,Premium,742,2544577.26,2601832.9163040183,-57255.65630401857
2022,11,Nov,Streetwear,Balanced,2106,24709094.43,24570989.34852,138105.08148000017
2022,11,Nov,Streetwear,Everyday,1306,8981399.81,8423861.272496538,557538.5375034623
2022,11,Nov,Streetwear,Performance,934,4458633.07,4492343.904314203,-33710.83431420289
2022,11,Nov,Streetwear,Standard,181,912700.72,841738.5474195696,70962.1725804304
2022,12,Dec,Casual,Activewear,9,28960.54,32825.131794,-3864.591794
2022,12,Dec,Casual,All-weather,601,1973582.69,2517131.2170471917,-543548.5270471917
2022,12,Dec,GenZ,Trendy,635,878612.0,1004565.2656433682,-125953.26564336824
2022,12,Dec,Outdoor,Activewear,5172,5329246.77,6245269.803570606,-916023.0335706063
2022,12,Dec,Outdoor,Premium,1015,2742832.91,3600278.1415060367,-857445.2315060366
2022,12,Dec,Streetwear,Balanced,2141,19233532.48,25012477.562634896,-5778945.082634896
2022,12,Dec,Streetwear,Everyday,1330,6944401.19,8611420.081165824,-1667018.8911658237
2022,12,Dec,Streetwear,Performance,1087,4416051.65,5775397.405738831,-1359345.7557388302
2022,12,Dec,Streetwear,Standard,157,541939.58,690308.8329133035,-148369.25291330356
